fecha,hora,ruta,alumnos_esperando,llegadas_intervalo,hora_salida,pasajeros_al_salir,tipo_salida,tiempo_espera_acum,tiempo_recorrido,paradas_intermedias,alumnos_recogidos_intermedias,hora_llegada_upp
2026-08-01,06:00,Las vías,18,18,06:17,18,Llena,17.0,27.0,3,2,06:44
2026-08-01,06:18,Las vías,18,18,06:26,18,Llena,8.0,28.7,3,2,06:54
2026-08-01,06:27,Las vías,20,20,06:41,18,Llena,14.0,28.1,3,0,07:09
2026-08-01,06:42,Las vías,18,18,06:55,18,Llena,13.0,24.3,3,1,07:19
2026-08-01,06:57,Las vías,18,18,07:04,18,Llena,7.0,27.8,3,3,07:31
2026-08-01,07:05,Las vías,19,19,07:24,18,Llena,19.0,28.3,3,0,07:52
2026-08-01,07:25,Las vías,18,18,07:39,18,Llena,14.0,30.9,3,3,08:09
2026-08-01,06:02,Puente Tuzos,18,18,07:54,18,Llena,112.0,21.9,2,1,08:15
2026-08-01,07:40,Las vías,18,18,08:04,18,Llena,24.0,27.2,3,3,08:31
2026-08-01,08:05,Las vías,18,18,08:55,18,Llena,50.0,29.5,3,1,09:24
2026-08-01,08:56,Las vías,18,18,09:24,18,Llena,28.0,23.9,3,1,09:47
2026-08-01,07:56,Puente Tuzos,18,18,09:28,18,Llena,92.0,19.0,2,1,09:47
2026-08-01,09:31,Las vías,18,18,10:13,18,Llena,42.0,33.2,3,3,10:46
2026-08-01,10:14,Las vías,18,18,10:46,18,Llena,32.0,32.6,3,3,11:18
2026-08-01,10:48,Las vías,18,18,11:12,18,Llena,24.0,27.6,3,3,11:39
2026-08-01,09:32,Puente Tuzos,18,18,11:31,18,Llena,119.0,19.8,2,0,11:50
2026-08-01,11:14,Las vías,19,19,11:32,18,Llena,18.0,27.4,3,3,11:59
2026-08-01,11:34,Las vías,19,19,11:55,18,Llena,21.0,30.7,3,0,12:25
2026-08-01,11:37,Puente Tuzos,11,11,12:00,11,Parcial,23.0,20.8,2,2,12:20
2026-08-01,11:56,Las vías,19,19,12:06,18,Llena,10.0,21.9,3,1,12:27
2026-08-01,12:02,Puente Tuzos,4,4,12:17,4,Parcial,15.0,18.8,2,1,12:35
2026-08-01,12:07,Las vías,18,18,12:18,18,Llena,11.0,29.3,3,1,12:47
2026-08-01,12:19,Las vías,18,18,12:30,18,Llena,11.0,30.9,3,1,13:00
2026-08-01,12:19,Puente Tuzos,3,3,12:34,3,Parcial,15.0,23.0,2,0,12:57
2026-08-01,12:31,Las vías,20,20,12:45,18,Llena,14.0,25.8,3,0,13:10
2026-08-01,12:46,Las vías,11,11,13:01,11,Parcial,15.0,25.1,3,1,13:26
2026-08-01,13:00,Puente Tuzos,1,1,13:15,1,Parcial,15.0,15.4,2,2,13:30
2026-08-01,13:02,Las vías,5,5,13:17,5,Parcial,15.0,28.2,3,3,13:45
2026-08-01,13:19,Las vías,5,5,13:34,5,Parcial,15.0,30.2,3,0,14:04
2026-08-01,13:22,Puente Tuzos,4,4,13:37,4,Parcial,15.0,19.2,2,0,13:56
2026-08-01,13:36,Las vías,3,3,13:51,3,Parcial,15.0,24.4,3,0,14:15
2026-08-01,13:44,Puente Tuzos,1,1,13:59,1,Parcial,15.0,21.3,2,2,14:20
2026-08-01,13:54,Las vías,6,6,14:09,6,Parcial,15.0,26.9,3,1,14:35
2026-08-01,14:04,Puente Tuzos,3,3,14:19,3,Parcial,15.0,21.0,2,1,14:40
2026-08-01,14:10,Las vías,9,9,14:25,9,Parcial,15.0,29.1,3,0,14:54
2026-08-01,14:22,Puente Tuzos,5,5,14:37,5,Parcial,15.0,19.3,2,0,14:56
2026-08-01,14:29,Las vías,11,11,14:44,11,Parcial,15.0,25.7,3,2,15:09
2026-08-01,14:39,Puente Tuzos,3,3,14:54,3,Parcial,15.0,22.1,2,0,15:16
2026-08-01,14:53,Las vías,9,9,15:08,9,Parcial,15.0,30.4,3,1,15:38
2026-08-01,15:04,Puente Tuzos,3,3,15:19,3,Parcial,15.0,21.9,2,1,15:40
2026-08-01,15:11,Las vías,3,3,15:26,3,Parcial,15.0,30.3,3,3,15:56
2026-08-01,15:20,Puente Tuzos,3,3,15:35,3,Parcial,15.0,20.1,2,0,15:55
2026-08-01,15:28,Las vías,4,4,15:43,4,Parcial,15.0,25.2,3,0,16:08
2026-08-01,15:38,Puente Tuzos,3,3,15:53,3,Parcial,15.0,19.2,2,2,16:12
2026-08-01,15:44,Las vías,7,7,15:59,7,Parcial,15.0,32.6,3,1,16:31
2026-08-01,15:58,Puente Tuzos,2,2,16:13,2,Parcial,15.0,21.7,2,2,16:34
2026-08-01,16:04,Las vías,5,5,16:19,5,Parcial,15.0,28.6,3,1,16:47
2026-08-01,16:20,Las vías,3,3,16:35,3,Parcial,15.0,27.2,3,3,17:02
2026-08-01,16:33,Puente Tuzos,2,2,16:48,2,Parcial,15.0,24.8,2,0,17:12
2026-08-01,16:40,Las vías,9,9,16:55,9,Parcial,15.0,29.9,3,2,17:24
2026-08-01,16:53,Puente Tuzos,2,2,17:08,2,Parcial,15.0,24.5,2,2,17:32
2026-08-01,17:03,Las vías,10,10,17:18,10,Parcial,15.0,31.5,3,0,17:49
2026-08-01,17:11,Puente Tuzos,4,4,17:26,4,Parcial,15.0,21.3,2,0,17:47
2026-08-01,17:20,Las vías,6,6,17:35,6,Parcial,15.0,28.2,3,0,18:03
2026-08-01,17:31,Puente Tuzos,3,3,17:46,3,Parcial,15.0,20.9,2,0,18:06
2026-08-01,17:37,Las vías,6,6,17:52,6,Parcial,15.0,26.1,3,2,18:18
2026-08-01,17:48,Puente Tuzos,4,4,18:03,4,Parcial,15.0,24.9,2,0,18:27
2026-08-01,17:55,Las vías,3,3,18:10,3,Parcial,15.0,32.0,3,0,18:42
2026-08-01,18:05,Puente Tuzos,3,3,18:20,3,Parcial,15.0,22.0,2,0,18:42
2026-08-01,18:22,Las vías,6,6,18:37,6,Parcial,15.0,25.5,3,2,19:02
2026-08-01,18:24,Puente Tuzos,6,6,18:39,6,Parcial,15.0,23.4,2,1,19:02
2026-08-01,18:38,Las vías,6,6,18:53,6,Parcial,15.0,26.5,3,2,19:19
2026-08-01,18:57,Puente Tuzos,4,4,19:12,4,Parcial,15.0,18.9,2,0,19:30
2026-08-01,19:01,Las vías,6,6,19:16,6,Parcial,15.0,33.2,3,3,19:49
2026-08-01,19:19,Las vías,4,4,19:34,4,Parcial,15.0,24.1,3,1,19:58
2026-08-01,19:20,Puente Tuzos,4,4,19:35,4,Parcial,15.0,21.5,2,2,19:56
2026-08-01,19:37,Las vías,4,4,19:52,4,Parcial,15.0,26.6,3,1,20:18
2026-08-01,19:44,Puente Tuzos,3,3,19:59,3,Parcial,15.0,21.5,2,0,20:20
2026-08-02,06:00,Las vías,18,18,06:18,18,Llena,18.0,27.0,3,0,06:45
2026-08-02,06:20,Las vías,19,19,06:31,18,Llena,11.0,29.0,3,2,07:00
2026-08-02,06:33,Las vías,19,19,06:43,18,Llena,10.0,28.2,3,3,07:11
2026-08-02,06:44,Las vías,18,18,07:01,18,Llena,17.0,29.2,3,3,07:30
2026-08-02,06:03,Puente Tuzos,18,18,07:17,18,Llena,74.0,23.6,2,2,07:40
2026-08-02,07:03,Las vías,18,18,07:21,18,Llena,18.0,27.1,3,2,07:48
2026-08-02,07:22,Las vías,18,18,07:35,18,Llena,13.0,27.3,3,3,08:02
2026-08-02,07:36,Las vías,18,18,07:53,18,Llena,17.0,25.1,3,0,08:18
2026-08-02,07:54,Las vías,18,18,08:30,18,Llena,36.0,29.3,3,3,08:59
2026-08-02,07:19,Puente Tuzos,18,18,08:54,18,Llena,95.0,22.9,2,0,09:16
2026-08-02,08:31,Las vías,18,18,09:26,18,Llena,55.0,25.8,3,1,09:51
2026-08-02,09:28,Las vías,18,18,10:18,18,Llena,50.0,30.2,3,2,10:48
2026-08-02,10:20,Las vías,18,18,10:51,18,Llena,31.0,28.5,3,0,11:19
2026-08-02,08:55,Puente Tuzos,18,18,11:03,18,Llena,128.0,22.0,2,0,11:25
2026-08-02,10:54,Las vías,18,18,11:21,18,Llena,27.0,24.0,3,0,11:45
2026-08-02,11:22,Las vías,18,18,11:38,18,Llena,16.0,28.0,3,0,12:06
2026-08-02,11:04,Puente Tuzos,18,18,11:45,18,Llena,41.0,19.9,2,0,12:04
2026-08-02,11:40,Las vías,18,18,11:51,18,Llena,11.0,27.9,3,2,12:18
2026-08-02,11:46,Puente Tuzos,7,7,12:01,7,Parcial,15.0,21.3,2,0,12:22
2026-08-02,11:54,Las vías,17,17,12:09,17,Parcial,15.0,26.1,3,0,12:35
2026-08-02,12:09,Puente Tuzos,4,4,12:24,4,Parcial,15.0,19.5,2,1,12:43
2026-08-02,12:11,Las vías,15,15,12:26,15,Parcial,15.0,29.2,3,2,12:55
2026-08-02,12:25,Puente Tuzos,4,4,12:40,4,Parcial,15.0,20.3,2,1,13:00
2026-08-02,12:27,Las vías,14,14,12:42,14,Parcial,15.0,24.8,3,3,13:06
2026-08-02,12:42,Puente Tuzos,3,3,12:57,3,Parcial,15.0,17.7,2,0,13:14
2026-08-02,12:46,Las vías,18,18,12:59,18,Llena,13.0,28.7,3,2,13:27
2026-08-02,13:00,Las vías,8,8,13:15,8,Parcial,15.0,32.2,3,1,13:47
2026-08-02,13:20,Puente Tuzos,3,3,13:35,3,Parcial,15.0,22.2,2,2,13:57
2026-08-02,13:21,Las vías,5,5,13:36,5,Parcial,15.0,31.0,3,1,14:07
2026-08-02,13:37,Puente Tuzos,4,4,13:52,4,Parcial,15.0,22.4,2,0,14:14
2026-08-02,13:47,Las vías,7,7,14:02,7,Parcial,15.0,27.9,3,1,14:29
2026-08-02,13:54,Puente Tuzos,2,2,14:09,2,Parcial,15.0,21.2,2,1,14:30
2026-08-02,14:04,Las vías,4,4,14:19,4,Parcial,15.0,28.6,3,0,14:47
2026-08-02,14:20,Las vías,6,6,14:35,6,Parcial,15.0,29.7,3,3,15:04
2026-08-02,14:24,Puente Tuzos,3,3,14:39,3,Parcial,15.0,20.5,2,2,14:59
2026-08-02,14:40,Puente Tuzos,3,3,14:55,3,Parcial,15.0,21.0,2,1,15:16
2026-08-02,14:45,Las vías,5,5,15:00,5,Parcial,15.0,32.2,3,3,15:32
2026-08-02,14:56,Puente Tuzos,3,3,15:11,3,Parcial,15.0,19.4,2,0,15:30
2026-08-02,15:02,Las vías,6,6,15:17,6,Parcial,15.0,29.8,3,2,15:46
2026-08-02,15:15,Puente Tuzos,6,6,15:30,6,Parcial,15.0,16.6,2,2,15:46
2026-08-02,15:19,Las vías,6,6,15:34,6,Parcial,15.0,28.7,3,3,16:02
2026-08-02,15:39,Puente Tuzos,3,3,15:54,3,Parcial,15.0,19.2,2,0,16:13
2026-08-02,15:40,Las vías,6,6,15:55,6,Parcial,15.0,22.6,3,0,16:17
2026-08-02,15:57,Puente Tuzos,4,4,16:12,4,Parcial,15.0,20.1,2,0,16:32
2026-08-02,16:06,Las vías,3,3,16:21,3,Parcial,15.0,27.3,3,1,16:48
2026-08-02,16:24,Las vías,6,6,16:39,6,Parcial,15.0,32.6,3,2,17:11
2026-08-02,16:33,Puente Tuzos,1,1,16:48,1,Parcial,15.0,18.0,2,1,17:06
2026-08-02,16:48,Las vías,3,3,17:03,3,Parcial,15.0,32.6,3,2,17:35
2026-08-02,16:57,Puente Tuzos,3,3,17:12,3,Parcial,15.0,19.5,2,1,17:31
2026-08-02,17:04,Las vías,9,9,17:19,9,Parcial,15.0,26.6,3,1,17:45
2026-08-02,17:15,Puente Tuzos,5,5,17:30,5,Parcial,15.0,19.7,2,2,17:49
2026-08-02,17:20,Las vías,3,3,17:35,3,Parcial,15.0,26.7,3,0,18:01
2026-08-02,17:32,Puente Tuzos,4,4,17:47,4,Parcial,15.0,22.5,2,1,18:09
2026-08-02,17:37,Las vías,8,8,17:52,8,Parcial,15.0,30.7,3,3,18:22
2026-08-02,18:00,Las vías,4,4,18:15,4,Parcial,15.0,27.5,3,2,18:42
2026-08-02,18:09,Puente Tuzos,3,3,18:24,3,Parcial,15.0,20.6,2,0,18:44
2026-08-02,18:19,Las vías,7,7,18:34,7,Parcial,15.0,26.7,3,2,19:00
2026-08-02,18:37,Las vías,9,9,18:52,9,Parcial,15.0,31.2,3,0,19:23
2026-08-02,18:41,Puente Tuzos,6,6,18:56,6,Parcial,15.0,23.2,2,0,19:19
2026-08-02,18:53,Las vías,3,3,19:08,3,Parcial,15.0,27.0,3,2,19:35
2026-08-02,18:59,Puente Tuzos,4,4,19:14,4,Parcial,15.0,18.5,2,2,19:32
2026-08-02,19:10,Las vías,5,5,19:25,5,Parcial,15.0,30.0,3,2,19:55
2026-08-02,19:25,Puente Tuzos,2,2,19:40,2,Parcial,15.0,15.6,2,0,19:55
2026-08-02,19:27,Las vías,4,4,19:42,4,Parcial,15.0,27.2,3,1,20:09
2026-08-03,06:00,Las vías,19,19,06:20,18,Llena,20.0,30.0,3,2,06:50
2026-08-03,06:21,Las vías,20,20,06:44,18,Llena,23.0,27.3,3,1,07:11
2026-08-03,06:46,Las vías,18,18,07:01,18,Llena,15.0,26.4,3,0,07:27
2026-08-03,06:01,Puente Tuzos,18,18,07:14,18,Llena,73.0,19.2,2,1,07:33
2026-08-03,07:03,Las vías,18,18,07:19,18,Llena,16.0,32.8,3,1,07:51
2026-08-03,07:20,Las vías,19,19,07:37,18,Llena,17.0,29.1,3,2,08:06
2026-08-03,07:41,Las vías,18,18,07:52,18,Llena,11.0,29.2,3,1,08:21
2026-08-03,07:18,Puente Tuzos,18,18,08:16,18,Llena,58.0,16.1,2,2,08:32
2026-08-03,07:53,Las vías,18,18,08:31,18,Llena,38.0,28.1,3,1,08:59
2026-08-03,08:33,Las vías,19,19,09:08,18,Llena,35.0,29.7,3,2,09:37
2026-08-03,09:09,Las vías,18,18,09:56,18,Llena,47.0,29.8,3,0,10:25
2026-08-03,08:17,Puente Tuzos,18,18,10:20,18,Llena,123.0,22.4,2,0,10:42
2026-08-03,09:57,Las vías,18,18,10:52,18,Llena,55.0,28.7,3,0,11:20
2026-08-03,10:53,Las vías,18,18,11:19,18,Llena,26.0,27.6,3,1,11:46
2026-08-03,11:20,Las vías,18,18,11:32,18,Llena,12.0,28.4,3,1,12:00
2026-08-03,11:34,Las vías,18,18,11:47,18,Llena,13.0,26.5,3,0,12:13
2026-08-03,10:23,Puente Tuzos,15,15,12:00,15,Parcial,97.0,23.2,2,2,12:23
2026-08-03,11:48,Las vías,19,19,12:02,18,Llena,14.0,26.6,3,0,12:28
2026-08-03,12:02,Puente Tuzos,7,7,12:17,7,Parcial,15.0,22.3,2,0,12:39
2026-08-03,12:04,Las vías,10,10,12:19,10,Parcial,15.0,29.8,3,3,12:48
2026-08-03,12:18,Puente Tuzos,4,4,12:33,4,Parcial,15.0,19.2,2,2,12:52
2026-08-03,12:22,Las vías,17,17,12:37,17,Parcial,15.0,29.6,3,0,13:06
2026-08-03,12:35,Puente Tuzos,3,3,12:50,3,Parcial,15.0,20.3,2,1,13:10
2026-08-03,12:39,Las vías,14,14,12:54,14,Parcial,15.0,31.4,3,0,13:25
2026-08-03,12:51,Puente Tuzos,2,2,13:06,2,Parcial,15.0,19.6,2,2,13:25
2026-08-03,12:55,Las vías,9,9,13:10,9,Parcial,15.0,28.7,3,2,13:38
2026-08-03,13:10,Puente Tuzos,2,2,13:25,2,Parcial,15.0,19.0,2,1,13:44
2026-08-03,13:13,Las vías,11,11,13:28,11,Parcial,15.0,28.4,3,0,13:56
2026-08-03,13:29,Puente Tuzos,5,5,13:44,5,Parcial,15.0,21.3,2,1,14:05
2026-08-03,13:31,Las vías,2,2,13:46,2,Parcial,15.0,26.9,3,2,14:12
2026-08-03,13:49,Las vías,6,6,14:04,6,Parcial,15.0,30.1,3,2,14:34
2026-08-03,13:50,Puente Tuzos,4,4,14:05,4,Parcial,15.0,17.9,2,1,14:22
2026-08-03,14:05,Las vías,6,6,14:20,6,Parcial,15.0,23.8,3,0,14:43
2026-08-03,14:11,Puente Tuzos,3,3,14:26,3,Parcial,15.0,17.9,2,0,14:43
2026-08-03,14:22,Las vías,6,6,14:37,6,Parcial,15.0,28.3,3,2,15:05
2026-08-03,14:27,Puente Tuzos,1,1,14:42,1,Parcial,15.0,19.0,2,1,15:01
2026-08-03,14:42,Las vías,8,8,14:57,8,Parcial,15.0,29.8,3,0,15:26
2026-08-03,14:49,Puente Tuzos,6,6,15:04,6,Parcial,15.0,20.7,2,0,15:24
2026-08-03,14:59,Las vías,3,3,15:14,3,Parcial,15.0,23.8,3,3,15:37
2026-08-03,15:08,Puente Tuzos,2,2,15:23,2,Parcial,15.0,21.5,2,0,15:44
2026-08-03,15:16,Las vías,8,8,15:31,8,Parcial,15.0,28.6,3,3,15:59
2026-08-03,15:37,Las vías,5,5,15:52,5,Parcial,15.0,28.3,3,2,16:20
2026-08-03,15:42,Puente Tuzos,6,6,15:57,6,Parcial,15.0,20.5,2,1,16:17
2026-08-03,15:58,Las vías,6,6,16:13,6,Parcial,15.0,29.0,3,3,16:42
2026-08-03,16:08,Puente Tuzos,3,3,16:23,3,Parcial,15.0,23.2,2,1,16:46
2026-08-03,16:14,Las vías,7,7,16:29,7,Parcial,15.0,29.6,3,2,16:58
2026-08-03,16:27,Puente Tuzos,4,4,16:42,4,Parcial,15.0,22.3,2,2,17:04
2026-08-03,16:35,Las vías,6,6,16:50,6,Parcial,15.0,23.6,3,1,17:13
2026-08-03,16:53,Las vías,6,6,17:08,6,Parcial,15.0,26.5,3,2,17:34
2026-08-03,17:05,Puente Tuzos,2,2,17:20,2,Parcial,15.0,16.9,2,1,17:36
2026-08-03,17:09,Las vías,4,4,17:24,4,Parcial,15.0,33.5,3,1,17:57
2026-08-03,17:26,Las vías,9,9,17:41,9,Parcial,15.0,28.5,3,0,18:09
2026-08-03,17:33,Puente Tuzos,8,8,17:48,8,Parcial,15.0,18.8,2,2,18:06
2026-08-03,17:48,Las vías,12,12,18:03,12,Parcial,15.0,26.7,3,0,18:29
2026-08-03,17:56,Puente Tuzos,2,2,18:11,2,Parcial,15.0,15.6,2,0,18:26
2026-08-03,18:06,Las vías,4,4,18:21,4,Parcial,15.0,29.7,3,0,18:50
2026-08-03,18:13,Puente Tuzos,3,3,18:28,3,Parcial,15.0,18.7,2,2,18:46
2026-08-03,18:24,Las vías,9,9,18:39,9,Parcial,15.0,23.6,3,2,19:02
2026-08-03,18:29,Puente Tuzos,2,2,18:44,2,Parcial,15.0,20.3,2,2,19:04
2026-08-03,18:43,Las vías,6,6,18:58,6,Parcial,15.0,26.7,3,0,19:24
2026-08-03,19:03,Puente Tuzos,2,2,19:18,2,Parcial,15.0,17.4,2,2,19:35
2026-08-03,19:05,Las vías,4,4,19:20,4,Parcial,15.0,34.5,3,3,19:54
2026-08-03,19:24,Las vías,9,9,19:39,9,Parcial,15.0,32.3,3,2,20:11
2026-08-03,19:35,Puente Tuzos,5,5,19:50,5,Parcial,15.0,19.2,2,2,20:09
2026-08-04,06:02,Las vías,18,18,06:23,18,Llena,21.0,33.3,3,2,06:56
2026-08-04,06:28,Las vías,19,19,06:40,18,Llena,12.0,24.8,3,3,07:04
2026-08-04,06:43,Las vías,18,18,07:07,18,Llena,24.0,28.0,3,0,07:35
2026-08-04,07:08,Las vías,18,18,07:17,18,Llena,9.0,25.8,3,1,07:42
2026-08-04,06:04,Puente Tuzos,18,18,07:17,18,Llena,73.0,23.4,2,0,07:40
2026-08-04,07:18,Las vías,20,20,07:28,18,Llena,10.0,29.0,3,1,07:57
2026-08-04,07:29,Las vías,19,19,07:40,18,Llena,11.0,31.6,3,0,08:11
2026-08-04,07:42,Las vías,18,18,07:57,18,Llena,15.0,27.5,3,0,08:24
2026-08-04,07:59,Las vías,18,18,08:41,18,Llena,42.0,25.9,3,3,09:06
2026-08-04,07:23,Puente Tuzos,18,18,09:16,18,Llena,113.0,20.2,2,2,09:36
2026-08-04,08:46,Las vías,18,18,09:20,18,Llena,34.0,24.5,3,2,09:44
2026-08-04,09:21,Las vías,18,18,10:07,18,Llena,46.0,30.7,3,1,10:37
2026-08-04,10:08,Las vías,19,19,11:09,18,Llena,61.0,26.2,3,3,11:35
2026-08-04,09:17,Puente Tuzos,18,18,11:21,18,Llena,124.0,20.6,2,0,11:41
2026-08-04,11:10,Las vías,19,19,11:22,18,Llena,12.0,23.2,3,2,11:45
2026-08-04,11:23,Las vías,18,18,11:41,18,Llena,18.0,25.8,3,1,12:06
2026-08-04,11:42,Las vías,17,17,12:00,17,Parcial,18.0,25.2,3,1,12:25
2026-08-04,11:23,Puente Tuzos,10,10,12:00,10,Parcial,37.0,20.5,2,2,12:20
2026-08-04,12:01,Las vías,18,18,12:14,18,Llena,13.0,25.1,3,0,12:39
2026-08-04,12:02,Puente Tuzos,6,6,12:17,6,Parcial,15.0,25.3,2,1,12:42
2026-08-04,12:15,Las vías,14,14,12:30,14,Parcial,15.0,27.2,3,1,12:57
2026-08-04,12:23,Puente Tuzos,3,3,12:38,3,Parcial,15.0,25.5,2,2,13:03
2026-08-04,12:31,Las vías,18,18,12:40,18,Llena,9.0,30.6,3,1,13:10
2026-08-04,12:40,Puente Tuzos,7,7,12:55,7,Parcial,15.0,17.9,2,0,13:12
2026-08-04,12:44,Las vías,19,19,12:58,18,Llena,14.0,26.3,3,2,13:24
2026-08-04,12:58,Puente Tuzos,2,2,13:13,2,Parcial,15.0,18.8,2,0,13:31
2026-08-04,12:59,Las vías,5,5,13:14,5,Parcial,15.0,25.5,3,2,13:39
2026-08-04,13:14,Puente Tuzos,5,5,13:29,5,Parcial,15.0,21.2,2,1,13:50
2026-08-04,13:25,Las vías,8,8,13:40,8,Parcial,15.0,31.4,3,2,14:11
2026-08-04,13:31,Puente Tuzos,3,3,13:46,3,Parcial,15.0,22.7,2,1,14:08
2026-08-04,13:41,Las vías,5,5,13:56,5,Parcial,15.0,27.3,3,3,14:23
2026-08-04,14:02,Las vías,4,4,14:17,4,Parcial,15.0,25.4,3,3,14:42
2026-08-04,14:06,Puente Tuzos,3,3,14:21,3,Parcial,15.0,21.5,2,2,14:42
2026-08-04,14:19,Las vías,9,9,14:34,9,Parcial,15.0,24.3,3,1,14:58
2026-08-04,14:30,Puente Tuzos,2,2,14:45,2,Parcial,15.0,21.2,2,1,15:06
2026-08-04,14:35,Las vías,3,3,14:50,3,Parcial,15.0,32.0,3,1,15:22
2026-08-04,14:50,Puente Tuzos,4,4,15:05,4,Parcial,15.0,19.6,2,1,15:24
2026-08-04,14:53,Las vías,12,12,15:08,12,Parcial,15.0,32.5,3,1,15:40
2026-08-04,15:09,Puente Tuzos,2,2,15:24,2,Parcial,15.0,20.4,2,2,15:44
2026-08-04,15:13,Las vías,8,8,15:28,8,Parcial,15.0,29.4,3,0,15:57
2026-08-04,15:29,Las vías,7,7,15:44,7,Parcial,15.0,27.9,3,0,16:11
2026-08-04,15:29,Puente Tuzos,4,4,15:44,4,Parcial,15.0,15.5,2,2,15:59
2026-08-04,15:46,Las vías,6,6,16:01,6,Parcial,15.0,34.0,3,0,16:35
2026-08-04,15:47,Puente Tuzos,3,3,16:02,3,Parcial,15.0,18.4,2,2,16:20
2026-08-04,16:08,Las vías,9,9,16:23,9,Parcial,15.0,24.4,3,0,16:47
2026-08-04,16:09,Puente Tuzos,1,1,16:24,1,Parcial,15.0,19.1,2,1,16:43
2026-08-04,16:25,Las vías,6,6,16:40,6,Parcial,15.0,28.9,3,0,17:08
2026-08-04,16:26,Puente Tuzos,2,2,16:41,2,Parcial,15.0,17.2,2,1,16:58
2026-08-04,16:46,Las vías,5,5,17:01,5,Parcial,15.0,24.2,3,2,17:25
2026-08-04,16:59,Puente Tuzos,4,4,17:14,4,Parcial,15.0,21.9,2,0,17:35
2026-08-04,17:06,Las vías,7,7,17:21,7,Parcial,15.0,27.0,3,0,17:48
2026-08-04,17:15,Puente Tuzos,3,3,17:30,3,Parcial,15.0,19.3,2,2,17:49
2026-08-04,17:24,Las vías,7,7,17:39,7,Parcial,15.0,23.5,3,3,18:02
2026-08-04,17:32,Puente Tuzos,2,2,17:47,2,Parcial,15.0,21.0,2,0,18:08
2026-08-04,17:43,Las vías,9,9,17:58,9,Parcial,15.0,27.1,3,2,18:25
2026-08-04,17:50,Puente Tuzos,2,2,18:05,2,Parcial,15.0,17.5,2,1,18:22
2026-08-04,17:59,Las vías,7,7,18:14,7,Parcial,15.0,25.8,3,3,18:39
2026-08-04,18:06,Puente Tuzos,5,5,18:21,5,Parcial,15.0,17.1,2,0,18:38
2026-08-04,18:15,Las vías,6,6,18:30,6,Parcial,15.0,31.2,3,1,19:01
2026-08-04,18:32,Las vías,9,9,18:47,9,Parcial,15.0,30.0,3,3,19:17
2026-08-04,18:39,Puente Tuzos,3,3,18:54,3,Parcial,15.0,19.7,2,0,19:13
2026-08-04,18:50,Las vías,6,6,19:05,6,Parcial,15.0,31.0,3,3,19:36
2026-08-04,18:59,Puente Tuzos,4,4,19:14,4,Parcial,15.0,19.6,2,2,19:33
2026-08-04,19:06,Las vías,4,4,19:21,4,Parcial,15.0,30.1,3,3,19:51
2026-08-04,19:24,Puente Tuzos,4,4,19:39,4,Parcial,15.0,17.7,2,1,19:56
2026-08-04,19:27,Las vías,6,6,19:42,6,Parcial,15.0,29.6,3,0,20:11
2026-08-04,19:44,Puente Tuzos,1,1,19:59,1,Parcial,15.0,19.6,2,2,20:18
2026-08-05,06:00,Las vías,18,18,06:19,18,Llena,19.0,33.4,3,0,06:52
2026-08-05,06:20,Las vías,18,18,06:36,18,Llena,16.0,31.0,3,2,07:07
2026-08-05,06:37,Las vías,18,18,06:45,18,Llena,8.0,31.4,3,0,07:16
2026-08-05,06:48,Las vías,18,18,07:00,18,Llena,12.0,29.7,3,1,07:29
2026-08-05,07:02,Las vías,18,18,07:13,18,Llena,11.0,26.6,3,1,07:39
2026-08-05,06:05,Puente Tuzos,18,18,07:15,18,Llena,70.0,20.3,2,2,07:35
2026-08-05,07:14,Las vías,19,19,07:25,18,Llena,11.0,27.8,3,0,07:52
2026-08-05,07:26,Las vías,18,18,07:40,18,Llena,14.0,26.5,3,1,08:06
2026-08-05,07:41,Las vías,18,18,07:52,18,Llena,11.0,26.6,3,2,08:18
2026-08-05,07:53,Las vías,18,18,08:19,18,Llena,26.0,31.8,3,2,08:50
2026-08-05,08:21,Las vías,18,18,09:11,18,Llena,50.0,23.7,3,3,09:34
2026-08-05,07:18,Puente Tuzos,18,18,09:26,18,Llena,128.0,17.9,2,1,09:43
2026-08-05,09:13,Las vías,18,18,10:40,18,Llena,87.0,32.8,3,1,11:12
2026-08-05,10:49,Las vías,20,20,11:06,18,Llena,17.0,31.4,3,1,11:37
2026-08-05,11:07,Las vías,18,18,11:17,18,Llena,10.0,30.6,3,0,11:47
2026-08-05,09:39,Puente Tuzos,18,18,11:25,18,Llena,106.0,21.5,2,2,11:46
2026-08-05,11:18,Las vías,18,18,11:39,18,Llena,21.0,25.5,3,3,12:04
2026-08-05,11:40,Las vías,18,18,11:55,18,Llena,15.0,32.9,3,3,12:27
2026-08-05,11:33,Puente Tuzos,6,6,12:00,6,Parcial,27.0,16.1,2,2,12:16
2026-08-05,11:56,Las vías,21,21,12:09,18,Llena,13.0,28.6,3,0,12:37
2026-08-05,12:10,Las vías,18,18,12:22,18,Llena,12.0,25.8,3,0,12:47
2026-08-05,12:10,Puente Tuzos,2,2,12:25,2,Parcial,15.0,19.3,2,2,12:44
2026-08-05,12:23,Las vías,17,17,12:38,17,Parcial,15.0,27.9,3,3,13:05
2026-08-05,12:26,Puente Tuzos,2,2,12:41,2,Parcial,15.0,18.8,2,1,12:59
2026-08-05,12:39,Las vías,14,14,12:54,14,Parcial,15.0,25.7,3,1,13:19
2026-08-05,12:43,Puente Tuzos,6,6,12:58,6,Parcial,15.0,20.9,2,2,13:18
2026-08-05,12:56,Las vías,9,9,13:11,9,Parcial,15.0,30.2,3,0,13:41
2026-08-05,13:00,Puente Tuzos,5,5,13:15,5,Parcial,15.0,18.6,2,2,13:33
2026-08-05,13:12,Las vías,6,6,13:27,6,Parcial,15.0,29.8,3,3,13:56
2026-08-05,13:27,Puente Tuzos,2,2,13:42,2,Parcial,15.0,24.8,2,0,14:06
2026-08-05,13:29,Las vías,7,7,13:44,7,Parcial,15.0,28.8,3,3,14:12
2026-08-05,13:46,Las vías,9,9,14:01,9,Parcial,15.0,28.4,3,1,14:29
2026-08-05,13:48,Puente Tuzos,4,4,14:03,4,Parcial,15.0,22.3,2,0,14:25
2026-08-05,14:03,Las vías,9,9,14:18,9,Parcial,15.0,30.5,3,3,14:48
2026-08-05,14:05,Puente Tuzos,3,3,14:20,3,Parcial,15.0,21.4,2,1,14:41
2026-08-05,14:21,Las vías,6,6,14:36,6,Parcial,15.0,28.0,3,1,15:04
2026-08-05,14:33,Puente Tuzos,2,2,14:48,2,Parcial,15.0,20.2,2,0,15:08
2026-08-05,14:40,Las vías,8,8,14:55,8,Parcial,15.0,28.0,3,2,15:23
2026-08-05,15:00,Puente Tuzos,3,3,15:15,3,Parcial,15.0,17.4,2,1,15:32
2026-08-05,15:03,Las vías,5,5,15:18,5,Parcial,15.0,25.0,3,2,15:43
2026-08-05,15:19,Las vías,9,9,15:34,9,Parcial,15.0,30.1,3,2,16:04
2026-08-05,15:19,Puente Tuzos,4,4,15:34,4,Parcial,15.0,18.8,2,2,15:52
2026-08-05,15:38,Las vías,4,4,15:53,4,Parcial,15.0,29.3,3,1,16:22
2026-08-05,15:40,Puente Tuzos,4,4,15:55,4,Parcial,15.0,18.8,2,0,16:13
2026-08-05,16:06,Las vías,3,3,16:21,3,Parcial,15.0,30.4,3,0,16:51
2026-08-05,16:07,Puente Tuzos,2,2,16:22,2,Parcial,15.0,18.9,2,0,16:40
2026-08-05,16:23,Las vías,3,3,16:38,3,Parcial,15.0,28.3,3,3,17:06
2026-08-05,16:30,Puente Tuzos,2,2,16:45,2,Parcial,15.0,19.7,2,0,17:04
2026-08-05,16:44,Las vías,4,4,16:59,4,Parcial,15.0,28.4,3,2,17:27
2026-08-05,16:48,Puente Tuzos,1,1,17:03,1,Parcial,15.0,27.5,2,0,17:30
2026-08-05,17:10,Las vías,8,8,17:25,8,Parcial,15.0,26.6,3,0,17:51
2026-08-05,17:13,Puente Tuzos,4,4,17:28,4,Parcial,15.0,16.0,2,1,17:44
2026-08-05,17:30,Las vías,6,6,17:45,6,Parcial,15.0,24.5,3,1,18:09
2026-08-05,17:32,Puente Tuzos,3,3,17:47,3,Parcial,15.0,20.3,2,1,18:07
2026-08-05,17:50,Las vías,6,6,18:05,6,Parcial,15.0,27.0,3,0,18:32
2026-08-05,17:57,Puente Tuzos,2,2,18:12,2,Parcial,15.0,20.8,2,2,18:32
2026-08-05,18:18,Las vías,9,9,18:33,9,Parcial,15.0,29.1,3,2,19:02
2026-08-05,18:24,Puente Tuzos,3,3,18:39,3,Parcial,15.0,17.0,2,0,18:56
2026-08-05,18:41,Las vías,3,3,18:56,3,Parcial,15.0,27.4,3,1,19:23
2026-08-05,18:59,Las vías,6,6,19:14,6,Parcial,15.0,29.8,3,2,19:43
2026-08-05,19:06,Puente Tuzos,4,4,19:21,4,Parcial,15.0,22.8,2,2,19:43
2026-08-05,19:16,Las vías,6,6,19:31,6,Parcial,15.0,30.8,3,2,20:01
2026-08-05,19:26,Puente Tuzos,2,2,19:41,2,Parcial,15.0,18.4,2,1,19:59
2026-08-05,19:43,Las vías,7,7,19:58,7,Parcial,15.0,27.1,3,2,20:25
2026-08-06,06:00,Las vías,19,19,06:11,18,Llena,11.0,27.6,3,2,06:38
2026-08-06,06:12,Las vías,19,19,06:31,18,Llena,19.0,25.4,3,3,06:56
2026-08-06,06:32,Las vías,18,18,06:46,18,Llena,14.0,25.8,3,2,07:11
2026-08-06,06:48,Las vías,19,19,07:00,18,Llena,12.0,27.3,3,3,07:27
2026-08-06,06:00,Puente Tuzos,18,18,07:11,18,Llena,71.0,20.7,2,0,07:31
2026-08-06,07:01,Las vías,20,20,07:17,18,Llena,16.0,27.2,3,0,07:44
2026-08-06,07:18,Las vías,19,19,07:29,18,Llena,11.0,29.0,3,3,07:58
2026-08-06,07:30,Las vías,19,19,07:43,18,Llena,13.0,27.4,3,2,08:10
2026-08-06,07:48,Las vías,18,18,08:18,18,Llena,30.0,22.4,3,2,08:40
2026-08-06,08:20,Las vías,18,18,09:02,18,Llena,42.0,30.7,3,2,09:32
2026-08-06,07:22,Puente Tuzos,18,18,09:27,18,Llena,125.0,19.7,2,0,09:46
2026-08-06,09:06,Las vías,19,19,09:58,18,Llena,52.0,27.0,3,1,10:25
2026-08-06,10:02,Las vías,18,18,10:58,18,Llena,56.0,25.8,3,1,11:23
2026-08-06,09:39,Puente Tuzos,18,18,11:14,18,Llena,95.0,21.3,2,1,11:35
2026-08-06,11:00,Las vías,18,18,11:15,18,Llena,15.0,22.9,3,1,11:37
2026-08-06,11:16,Las vías,18,18,11:35,18,Llena,19.0,25.0,3,2,12:00
2026-08-06,11:37,Las vías,18,18,11:53,18,Llena,16.0,31.1,3,1,12:24
2026-08-06,11:23,Puente Tuzos,8,8,12:00,8,Parcial,37.0,21.3,2,1,12:21
2026-08-06,11:54,Las vías,19,19,12:07,18,Llena,13.0,31.2,3,0,12:38
2026-08-06,12:03,Puente Tuzos,5,5,12:18,5,Parcial,15.0,20.9,2,1,12:38
2026-08-06,12:09,Las vías,18,18,12:24,18,Llena,15.0,29.1,3,1,12:53
2026-08-06,12:22,Puente Tuzos,3,3,12:37,3,Parcial,15.0,22.8,2,0,12:59
2026-08-06,12:31,Las vías,13,13,12:46,13,Parcial,15.0,24.8,3,0,13:10
2026-08-06,12:41,Puente Tuzos,5,5,12:56,5,Parcial,15.0,17.8,2,0,13:13
2026-08-06,12:47,Las vías,18,18,12:59,18,Llena,12.0,25.8,3,1,13:24
2026-08-06,13:01,Las vías,4,4,13:16,4,Parcial,15.0,24.9,3,1,13:40
2026-08-06,13:07,Puente Tuzos,2,2,13:22,2,Parcial,15.0,23.9,2,1,13:45
2026-08-06,13:19,Las vías,8,8,13:34,8,Parcial,15.0,32.2,3,1,14:06
2026-08-06,13:37,Las vías,5,5,13:52,5,Parcial,15.0,29.2,3,1,14:21
2026-08-06,13:53,Las vías,9,9,14:08,9,Parcial,15.0,28.0,3,2,14:36
2026-08-06,13:57,Puente Tuzos,3,3,14:12,3,Parcial,15.0,17.4,2,1,14:29
2026-08-06,14:11,Las vías,8,8,14:26,8,Parcial,15.0,29.0,3,3,14:55
2026-08-06,14:14,Puente Tuzos,4,4,14:29,4,Parcial,15.0,18.9,2,0,14:47
2026-08-06,14:29,Las vías,10,10,14:44,10,Parcial,15.0,27.8,3,2,15:11
2026-08-06,14:34,Puente Tuzos,3,3,14:49,3,Parcial,15.0,21.6,2,0,15:10
2026-08-06,14:47,Las vías,7,7,15:02,7,Parcial,15.0,27.4,3,1,15:29
2026-08-06,14:50,Puente Tuzos,8,8,15:05,8,Parcial,15.0,20.6,2,0,15:25
2026-08-06,15:06,Las vías,5,5,15:21,5,Parcial,15.0,25.1,3,1,15:46
2026-08-06,15:06,Puente Tuzos,6,6,15:21,6,Parcial,15.0,22.0,2,1,15:43
2026-08-06,15:25,Las vías,8,8,15:40,8,Parcial,15.0,28.5,3,1,16:08
2026-08-06,15:27,Puente Tuzos,4,4,15:42,4,Parcial,15.0,19.9,2,0,16:01
2026-08-06,15:41,Las vías,7,7,15:56,7,Parcial,15.0,27.6,3,1,16:23
2026-08-06,15:47,Puente Tuzos,1,1,16:02,1,Parcial,15.0,21.3,2,2,16:23
2026-08-06,15:58,Las vías,11,11,16:13,11,Parcial,15.0,26.2,3,3,16:39
2026-08-06,16:15,Las vías,2,2,16:30,2,Parcial,15.0,27.7,3,0,16:57
2026-08-06,16:24,Puente Tuzos,3,3,16:39,3,Parcial,15.0,21.5,2,1,17:00
2026-08-06,16:32,Las vías,8,8,16:47,8,Parcial,15.0,29.3,3,0,17:16
2026-08-06,16:49,Las vías,7,7,17:04,7,Parcial,15.0,29.3,3,2,17:33
2026-08-06,17:06,Puente Tuzos,2,2,17:21,2,Parcial,15.0,19.5,2,2,17:40
2026-08-06,17:13,Las vías,5,5,17:28,5,Parcial,15.0,28.0,3,1,17:56
2026-08-06,17:25,Puente Tuzos,3,3,17:40,3,Parcial,15.0,18.5,2,0,17:58
2026-08-06,17:32,Las vías,9,9,17:47,9,Parcial,15.0,25.8,3,2,18:12
2026-08-06,17:43,Puente Tuzos,2,2,17:58,2,Parcial,15.0,18.9,2,1,18:16
2026-08-06,17:48,Las vías,7,7,18:03,7,Parcial,15.0,31.3,3,3,18:34
2026-08-06,18:07,Las vías,6,6,18:22,6,Parcial,15.0,28.2,3,2,18:50
2026-08-06,18:24,Las vías,6,6,18:39,6,Parcial,15.0,28.7,3,1,19:07
2026-08-06,18:25,Puente Tuzos,3,3,18:40,3,Parcial,15.0,19.6,2,2,18:59
2026-08-06,18:41,Las vías,6,6,18:56,6,Parcial,15.0,29.4,3,0,19:25
2026-08-06,19:05,Las vías,8,8,19:20,8,Parcial,15.0,24.8,3,1,19:44
2026-08-06,19:06,Puente Tuzos,7,7,19:21,7,Parcial,15.0,19.5,2,2,19:40
2026-08-06,19:22,Puente Tuzos,2,2,19:37,2,Parcial,15.0,19.6,2,2,19:56
2026-08-06,19:23,Las vías,8,8,19:38,8,Parcial,15.0,23.4,3,3,20:01
2026-08-06,19:40,Las vías,10,10,19:55,10,Parcial,15.0,24.9,3,0,20:19
2026-08-06,19:40,Puente Tuzos,2,2,19:55,2,Parcial,15.0,15.7,2,1,20:10
2026-08-07,06:00,Las vías,18,18,06:21,18,Llena,21.0,25.1,3,1,06:46
2026-08-07,06:22,Las vías,20,20,06:32,18,Llena,10.0,28.3,3,1,07:00
2026-08-07,06:33,Las vías,18,18,06:49,18,Llena,16.0,28.6,3,2,07:17
2026-08-07,06:50,Las vías,19,19,07:02,18,Llena,12.0,31.2,3,3,07:33
2026-08-07,07:03,Las vías,18,18,07:18,18,Llena,15.0,27.7,3,0,07:45
2026-08-07,07:19,Las vías,18,18,07:32,18,Llena,13.0,31.7,3,1,08:03
2026-08-07,07:33,Las vías,19,19,07:45,18,Llena,12.0,28.7,3,1,08:13
2026-08-07,06:06,Puente Tuzos,18,18,08:05,18,Llena,119.0,17.6,2,2,08:22
2026-08-07,07:46,Las vías,18,18,08:07,18,Llena,21.0,32.2,3,2,08:39
2026-08-07,08:08,Las vías,18,18,08:52,18,Llena,44.0,26.0,3,1,09:18
2026-08-07,08:53,Las vías,18,18,09:58,18,Llena,65.0,33.1,3,0,10:31
2026-08-07,08:18,Puente Tuzos,18,18,10:05,18,Llena,107.0,23.4,2,2,10:28
2026-08-07,10:00,Las vías,18,18,10:53,18,Llena,53.0,23.0,3,1,11:16
2026-08-07,11:00,Las vías,19,19,11:08,18,Llena,8.0,30.5,3,3,11:38
2026-08-07,11:09,Las vías,18,18,11:29,18,Llena,20.0,29.6,3,3,11:58
2026-08-07,11:30,Las vías,18,18,11:40,18,Llena,10.0,28.9,3,1,12:08
2026-08-07,10:10,Puente Tuzos,18,18,11:41,18,Llena,91.0,21.0,2,0,12:02
2026-08-07,11:41,Las vías,18,18,11:53,18,Llena,12.0,25.7,3,2,12:18
2026-08-07,11:42,Puente Tuzos,6,6,12:00,6,Parcial,18.0,21.3,2,1,12:21
2026-08-07,11:55,Las vías,18,18,12:07,18,Llena,12.0,28.7,3,3,12:35
2026-08-07,12:06,Puente Tuzos,3,3,12:21,3,Parcial,15.0,20.7,2,2,12:41
2026-08-07,12:10,Las vías,16,16,12:25,16,Parcial,15.0,28.4,3,1,12:53
2026-08-07,12:23,Puente Tuzos,7,7,12:38,7,Parcial,15.0,23.0,2,2,13:01
2026-08-07,12:26,Las vías,18,18,12:41,18,Llena,15.0,29.4,3,2,13:10
2026-08-07,12:45,Las vías,18,18,12:55,18,Llena,10.0,25.0,3,2,13:20
2026-08-07,12:42,Puente Tuzos,5,5,12:57,5,Parcial,15.0,24.0,2,2,13:21
2026-08-07,12:57,Las vías,4,4,13:12,4,Parcial,15.0,29.4,3,1,13:41
2026-08-07,12:59,Puente Tuzos,2,2,13:14,2,Parcial,15.0,20.1,2,0,13:34
2026-08-07,13:15,Las vías,4,4,13:30,4,Parcial,15.0,30.4,3,0,14:00
2026-08-07,13:17,Puente Tuzos,2,2,13:32,2,Parcial,15.0,17.2,2,1,13:49
2026-08-07,13:31,Las vías,7,7,13:46,7,Parcial,15.0,24.4,3,0,14:10
2026-08-07,13:47,Las vías,5,5,14:02,5,Parcial,15.0,27.6,3,3,14:29
2026-08-07,13:47,Puente Tuzos,4,4,14:02,4,Parcial,15.0,23.5,2,2,14:25
2026-08-07,14:07,Las vías,4,4,14:22,4,Parcial,15.0,26.1,3,1,14:48
2026-08-07,14:11,Puente Tuzos,4,4,14:26,4,Parcial,15.0,19.6,2,1,14:45
2026-08-07,14:23,Las vías,12,12,14:38,12,Parcial,15.0,30.7,3,0,15:08
2026-08-07,14:30,Puente Tuzos,1,1,14:45,1,Parcial,15.0,17.6,2,0,15:02
2026-08-07,14:40,Las vías,5,5,14:55,5,Parcial,15.0,21.7,3,1,15:16
2026-08-07,15:01,Las vías,6,6,15:16,6,Parcial,15.0,28.0,3,0,15:44
2026-08-07,15:01,Puente Tuzos,1,1,15:16,1,Parcial,15.0,19.4,2,0,15:35
2026-08-07,15:17,Las vías,4,4,15:32,4,Parcial,15.0,29.3,3,0,16:01
2026-08-07,15:20,Puente Tuzos,3,3,15:35,3,Parcial,15.0,21.9,2,2,15:56
2026-08-07,15:33,Las vías,6,6,15:48,6,Parcial,15.0,29.8,3,0,16:17
2026-08-07,15:53,Las vías,10,10,16:08,10,Parcial,15.0,32.1,3,1,16:40
2026-08-07,16:03,Puente Tuzos,4,4,16:18,4,Parcial,15.0,19.3,2,2,16:37
2026-08-07,16:13,Las vías,8,8,16:28,8,Parcial,15.0,24.9,3,2,16:52
2026-08-07,16:26,Puente Tuzos,6,6,16:41,6,Parcial,15.0,16.0,2,1,16:57
2026-08-07,16:29,Las vías,4,4,16:44,4,Parcial,15.0,30.7,3,1,17:14
2026-08-07,16:45,Las vías,3,3,17:00,3,Parcial,15.0,27.6,3,2,17:27
2026-08-07,16:47,Puente Tuzos,1,1,17:02,1,Parcial,15.0,24.1,2,2,17:26
2026-08-07,17:05,Las vías,5,5,17:20,5,Parcial,15.0,28.5,3,1,17:48
2026-08-07,17:07,Puente Tuzos,4,4,17:22,4,Parcial,15.0,21.8,2,2,17:43
2026-08-07,17:23,Las vías,10,10,17:38,10,Parcial,15.0,28.2,3,2,18:06
2026-08-07,17:26,Puente Tuzos,2,2,17:41,2,Parcial,15.0,21.6,2,1,18:02
2026-08-07,17:41,Las vías,15,15,17:56,15,Parcial,15.0,25.0,3,2,18:21
2026-08-07,17:43,Puente Tuzos,2,2,17:58,2,Parcial,15.0,23.0,2,0,18:21
2026-08-07,17:58,Las vías,9,9,18:13,9,Parcial,15.0,27.2,3,2,18:40
2026-08-07,18:00,Puente Tuzos,3,3,18:15,3,Parcial,15.0,19.5,2,1,18:34
2026-08-07,18:19,Puente Tuzos,3,3,18:34,3,Parcial,15.0,18.8,2,1,18:52
2026-08-07,18:21,Las vías,2,2,18:36,2,Parcial,15.0,23.0,3,0,18:59
2026-08-07,18:41,Las vías,7,7,18:56,7,Parcial,15.0,27.5,3,3,19:23
2026-08-07,18:43,Puente Tuzos,6,6,18:58,6,Parcial,15.0,25.1,2,2,19:23
2026-08-07,18:58,Las vías,9,9,19:13,9,Parcial,15.0,27.6,3,1,19:40
2026-08-07,19:01,Puente Tuzos,4,4,19:16,4,Parcial,15.0,20.0,2,1,19:36
2026-08-07,19:17,Puente Tuzos,1,1,19:32,1,Parcial,15.0,16.9,2,1,19:48
2026-08-07,19:24,Las vías,5,5,19:39,5,Parcial,15.0,27.7,3,3,20:06
2026-08-07,19:41,Las vías,3,3,19:56,3,Parcial,15.0,31.9,3,1,20:27
2026-08-07,19:41,Puente Tuzos,2,2,19:56,2,Parcial,15.0,19.5,2,2,20:15
2026-08-08,06:00,Las vías,20,20,06:13,18,Llena,13.0,31.4,3,2,06:44
2026-08-08,06:14,Las vías,18,18,06:28,18,Llena,14.0,23.4,3,2,06:51
2026-08-08,06:30,Las vías,18,18,06:42,18,Llena,12.0,24.7,3,2,07:06
2026-08-08,06:43,Las vías,18,18,07:04,18,Llena,21.0,26.6,3,3,07:30
2026-08-08,07:09,Las vías,20,20,07:31,18,Llena,22.0,32.9,3,0,08:03
2026-08-08,06:11,Puente Tuzos,18,18,07:38,18,Llena,87.0,17.1,2,2,07:55
2026-08-08,07:32,Las vías,18,18,07:45,18,Llena,13.0,20.6,3,2,08:05
2026-08-08,07:46,Las vías,18,18,08:19,18,Llena,33.0,23.5,3,0,08:42
2026-08-08,08:21,Las vías,19,19,09:20,18,Llena,59.0,27.9,3,1,09:47
2026-08-08,07:50,Puente Tuzos,18,18,09:23,18,Llena,93.0,21.2,2,2,09:44
2026-08-08,09:25,Las vías,18,18,10:19,18,Llena,54.0,32.8,3,2,10:51
2026-08-08,10:22,Las vías,18,18,10:59,18,Llena,37.0,29.9,3,1,11:28
2026-08-08,11:00,Las vías,18,18,11:13,18,Llena,13.0,30.5,3,1,11:43
2026-08-08,09:24,Puente Tuzos,18,18,11:16,18,Llena,112.0,19.9,2,2,11:35
2026-08-08,11:14,Las vías,18,18,11:29,18,Llena,15.0,27.8,3,2,11:56
2026-08-08,11:30,Las vías,18,18,11:46,18,Llena,16.0,28.7,3,0,12:14
2026-08-08,11:21,Puente Tuzos,8,8,12:00,8,Parcial,39.0,19.8,2,1,12:19
2026-08-08,11:48,Las vías,14,14,12:03,14,Parcial,15.0,25.5,3,3,12:28
2026-08-08,12:04,Las vías,18,18,12:19,18,Llena,15.0,27.7,3,1,12:46
2026-08-08,12:08,Puente Tuzos,6,6,12:23,6,Parcial,15.0,18.1,2,1,12:41
2026-08-08,12:20,Las vías,18,18,12:35,18,Llena,15.0,29.8,3,3,13:04
2026-08-08,12:24,Puente Tuzos,9,9,12:39,9,Parcial,15.0,18.4,2,0,12:57
2026-08-08,12:36,Las vías,13,13,12:51,13,Parcial,15.0,27.9,3,0,13:18
2026-08-08,12:42,Puente Tuzos,9,9,12:57,9,Parcial,15.0,19.5,2,0,13:16
2026-08-08,12:52,Las vías,12,12,13:07,12,Parcial,15.0,28.0,3,2,13:35
2026-08-08,12:59,Puente Tuzos,3,3,13:14,3,Parcial,15.0,23.2,2,2,13:37
2026-08-08,13:08,Las vías,4,4,13:23,4,Parcial,15.0,29.2,3,0,13:52
2026-08-08,13:17,Puente Tuzos,2,2,13:32,2,Parcial,15.0,22.3,2,0,13:54
2026-08-08,13:33,Las vías,7,7,13:48,7,Parcial,15.0,32.8,3,3,14:20
2026-08-08,13:37,Puente Tuzos,7,7,13:52,7,Parcial,15.0,20.9,2,2,14:12
2026-08-08,13:58,Las vías,5,5,14:13,5,Parcial,15.0,33.6,3,0,14:46
2026-08-08,14:22,Las vías,5,5,14:37,5,Parcial,15.0,26.8,3,3,15:03
2026-08-08,14:41,Las vías,6,6,14:56,6,Parcial,15.0,25.2,3,3,15:21
2026-08-08,14:51,Puente Tuzos,4,4,15:06,4,Parcial,15.0,20.1,2,2,15:26
2026-08-08,15:01,Las vías,6,6,15:16,6,Parcial,15.0,32.2,3,0,15:48
2026-08-08,15:10,Puente Tuzos,4,4,15:25,4,Parcial,15.0,21.0,2,0,15:46
2026-08-08,15:19,Las vías,5,5,15:34,5,Parcial,15.0,29.1,3,0,16:03
2026-08-08,15:34,Puente Tuzos,2,2,15:49,2,Parcial,15.0,19.9,2,1,16:08
2026-08-08,15:35,Las vías,9,9,15:50,9,Parcial,15.0,32.5,3,1,16:22
2026-08-08,15:51,Puente Tuzos,3,3,16:06,3,Parcial,15.0,15.6,2,0,16:21
2026-08-08,15:55,Las vías,6,6,16:10,6,Parcial,15.0,29.3,3,3,16:39
2026-08-08,16:09,Puente Tuzos,1,1,16:24,1,Parcial,15.0,20.9,2,0,16:44
2026-08-08,16:12,Las vías,6,6,16:27,6,Parcial,15.0,33.2,3,0,17:00
2026-08-08,16:29,Las vías,6,6,16:44,6,Parcial,15.0,27.0,3,1,17:11
2026-08-08,16:44,Puente Tuzos,3,3,16:59,3,Parcial,15.0,17.4,2,0,17:16
2026-08-08,16:48,Las vías,8,8,17:03,8,Parcial,15.0,28.9,3,0,17:31
2026-08-08,17:00,Puente Tuzos,8,8,17:15,8,Parcial,15.0,17.9,2,2,17:32
2026-08-08,17:04,Las vías,3,3,17:19,3,Parcial,15.0,25.6,3,3,17:44
2026-08-08,17:23,Las vías,6,6,17:38,6,Parcial,15.0,29.2,3,0,18:07
2026-08-08,17:38,Puente Tuzos,4,4,17:53,4,Parcial,15.0,20.1,2,2,18:13
2026-08-08,17:39,Las vías,4,4,17:54,4,Parcial,15.0,25.4,3,0,18:19
2026-08-08,17:55,Las vías,3,3,18:10,3,Parcial,15.0,26.1,3,3,18:36
2026-08-08,18:02,Puente Tuzos,7,7,18:17,7,Parcial,15.0,22.5,2,0,18:39
2026-08-08,18:16,Las vías,5,5,18:31,5,Parcial,15.0,25.9,3,0,18:56
2026-08-08,18:19,Puente Tuzos,2,2,18:34,2,Parcial,15.0,20.3,2,0,18:54
2026-08-08,18:34,Las vías,6,6,18:49,6,Parcial,15.0,25.4,3,0,19:14
2026-08-08,18:37,Puente Tuzos,2,2,18:52,2,Parcial,15.0,21.3,2,1,19:13
2026-08-08,18:53,Las vías,4,4,19:08,4,Parcial,15.0,27.3,3,1,19:35
2026-08-08,18:55,Puente Tuzos,6,6,19:10,6,Parcial,15.0,20.3,2,0,19:30
2026-08-08,19:09,Las vías,8,8,19:24,8,Parcial,15.0,27.6,3,1,19:51
2026-08-08,19:13,Puente Tuzos,5,5,19:28,5,Parcial,15.0,22.3,2,0,19:50
2026-08-08,19:28,Las vías,3,3,19:43,3,Parcial,15.0,24.8,3,1,20:07
2026-08-08,19:30,Puente Tuzos,2,2,19:45,2,Parcial,15.0,20.6,2,1,20:05
2026-08-08,19:44,Las vías,4,4,19:59,4,Parcial,15.0,25.8,3,3,20:24
2026-08-09,06:02,Las vías,19,19,06:16,18,Llena,14.0,23.9,3,0,06:39
2026-08-09,06:18,Las vías,20,20,06:38,18,Llena,20.0,26.4,3,0,07:04
2026-08-09,06:39,Las vías,18,18,06:53,18,Llena,14.0,29.1,3,3,07:22
2026-08-09,06:57,Las vías,18,18,07:07,18,Llena,10.0,27.0,3,0,07:34
2026-08-09,06:02,Puente Tuzos,18,18,07:10,18,Llena,68.0,19.1,2,0,07:29
2026-08-09,07:09,Las vías,19,19,07:19,18,Llena,10.0,26.8,3,2,07:45
2026-08-09,07:20,Las vías,19,19,07:36,18,Llena,16.0,25.6,3,0,08:01
2026-08-09,07:37,Las vías,19,19,07:54,18,Llena,17.0,31.9,3,2,08:25
2026-08-09,07:14,Puente Tuzos,18,18,08:24,18,Llena,70.0,19.0,2,1,08:43
2026-08-09,07:55,Las vías,18,18,08:30,18,Llena,35.0,28.1,3,0,08:58
2026-08-09,08:31,Las vías,18,18,09:29,18,Llena,58.0,30.6,3,0,09:59
2026-08-09,09:38,Las vías,18,18,10:14,18,Llena,36.0,29.5,3,3,10:43
2026-08-09,08:28,Puente Tuzos,18,18,10:31,18,Llena,123.0,21.8,2,1,10:52
2026-08-09,10:18,Las vías,20,20,11:08,18,Llena,50.0,31.1,3,2,11:39
2026-08-09,11:09,Las vías,18,18,11:25,18,Llena,16.0,33.2,3,3,11:58
2026-08-09,11:26,Las vías,18,18,11:36,18,Llena,10.0,25.8,3,2,12:01
2026-08-09,11:37,Las vías,18,18,11:46,18,Llena,9.0,27.4,3,1,12:13
2026-08-09,10:32,Puente Tuzos,17,17,12:00,17,Parcial,88.0,19.6,2,1,12:19
2026-08-09,11:48,Las vías,17,17,12:03,17,Parcial,15.0,28.2,3,1,12:31
2026-08-09,12:04,Las vías,18,18,12:18,18,Llena,14.0,27.1,3,0,12:45
2026-08-09,12:05,Puente Tuzos,3,3,12:20,3,Parcial,15.0,20.8,2,0,12:40
2026-08-09,12:19,Las vías,18,18,12:34,18,Llena,15.0,26.6,3,0,13:00
2026-08-09,12:21,Puente Tuzos,2,2,12:36,2,Parcial,15.0,20.8,2,1,12:56
2026-08-09,12:35,Las vías,18,18,12:45,18,Llena,10.0,30.4,3,3,13:15
2026-08-09,12:46,Las vías,10,10,13:01,10,Parcial,15.0,30.0,3,0,13:31
2026-08-09,12:46,Puente Tuzos,3,3,13:01,3,Parcial,15.0,21.1,2,0,13:22
2026-08-09,13:02,Puente Tuzos,3,3,13:17,3,Parcial,15.0,19.6,2,0,13:36
2026-08-09,13:07,Las vías,5,5,13:22,5,Parcial,15.0,31.6,3,2,13:53
2026-08-09,13:19,Puente Tuzos,4,4,13:34,4,Parcial,15.0,25.4,2,1,13:59
2026-08-09,13:26,Las vías,1,1,13:41,1,Parcial,15.0,29.4,3,1,14:10
2026-08-09,13:42,Las vías,3,3,13:57,3,Parcial,15.0,28.1,3,2,14:25
2026-08-09,14:02,Las vías,5,5,14:17,5,Parcial,15.0,22.4,3,2,14:39
2026-08-09,14:16,Puente Tuzos,2,2,14:31,2,Parcial,15.0,25.4,2,2,14:56
2026-08-09,14:20,Las vías,9,9,14:35,9,Parcial,15.0,31.5,3,2,15:06
2026-08-09,14:36,Las vías,5,5,14:51,5,Parcial,15.0,29.1,3,2,15:20
2026-08-09,14:52,Las vías,5,5,15:07,5,Parcial,15.0,26.6,3,0,15:33
2026-08-09,14:55,Puente Tuzos,3,3,15:10,3,Parcial,15.0,21.1,2,0,15:31
2026-08-09,15:13,Puente Tuzos,1,1,15:28,1,Parcial,15.0,22.4,2,1,15:50
2026-08-09,15:16,Las vías,10,10,15:31,10,Parcial,15.0,30.0,3,2,16:01
2026-08-09,15:29,Puente Tuzos,8,8,15:44,8,Parcial,15.0,17.4,2,1,16:01
2026-08-09,15:32,Las vías,7,7,15:47,7,Parcial,15.0,26.7,3,1,16:13
2026-08-09,15:51,Las vías,6,6,16:06,6,Parcial,15.0,28.7,3,3,16:34
2026-08-09,16:00,Puente Tuzos,2,2,16:15,2,Parcial,15.0,21.1,2,0,16:36
2026-08-09,16:09,Las vías,5,5,16:24,5,Parcial,15.0,29.0,3,2,16:53
2026-08-09,16:19,Puente Tuzos,3,3,16:34,3,Parcial,15.0,23.8,2,0,16:57
2026-08-09,16:25,Las vías,10,10,16:40,10,Parcial,15.0,30.7,3,3,17:10
2026-08-09,16:44,Puente Tuzos,3,3,16:59,3,Parcial,15.0,18.9,2,2,17:17
2026-08-09,16:46,Las vías,5,5,17:01,5,Parcial,15.0,28.9,3,0,17:29
2026-08-09,17:03,Las vías,4,4,17:18,4,Parcial,15.0,28.8,3,2,17:46
2026-08-09,17:06,Puente Tuzos,4,4,17:21,4,Parcial,15.0,18.9,2,2,17:39
2026-08-09,17:19,Las vías,3,3,17:34,3,Parcial,15.0,27.4,3,2,18:01
2026-08-09,17:26,Puente Tuzos,2,2,17:41,2,Parcial,15.0,20.4,2,2,18:01
2026-08-09,17:37,Las vías,3,3,17:52,3,Parcial,15.0,27.5,3,1,18:19
2026-08-09,17:47,Puente Tuzos,4,4,18:02,4,Parcial,15.0,16.9,2,0,18:18
2026-08-09,17:57,Las vías,8,8,18:12,8,Parcial,15.0,27.7,3,0,18:39
2026-08-09,18:04,Puente Tuzos,3,3,18:19,3,Parcial,15.0,21.5,2,1,18:40
2026-08-09,18:14,Las vías,7,7,18:29,7,Parcial,15.0,26.7,3,1,18:55
2026-08-09,18:21,Puente Tuzos,5,5,18:36,5,Parcial,15.0,23.9,2,2,18:59
2026-08-09,18:37,Las vías,8,8,18:52,8,Parcial,15.0,30.4,3,1,19:22
2026-08-09,18:41,Puente Tuzos,5,5,18:56,5,Parcial,15.0,17.4,2,1,19:13
2026-08-09,18:55,Las vías,5,5,19:10,5,Parcial,15.0,29.8,3,0,19:39
2026-08-09,19:17,Las vías,5,5,19:32,5,Parcial,15.0,31.4,3,3,20:03
2026-08-09,19:26,Puente Tuzos,2,2,19:41,2,Parcial,15.0,15.3,2,0,19:56
2026-08-09,19:40,Las vías,8,8,19:55,8,Parcial,15.0,30.9,3,2,20:25
2026-08-09,19:44,Puente Tuzos,2,2,19:59,2,Parcial,15.0,19.6,2,1,20:18
2026-08-10,06:01,Las vías,19,19,06:15,18,Llena,14.0,28.2,3,1,06:43
2026-08-10,06:18,Las vías,20,20,06:28,18,Llena,10.0,32.1,3,3,07:00
2026-08-10,06:29,Las vías,18,18,06:47,18,Llena,18.0,30.0,3,3,07:17
2026-08-10,06:48,Las vías,18,18,07:02,18,Llena,14.0,29.4,3,2,07:31
2026-08-10,07:03,Las vías,19,19,07:21,18,Llena,18.0,26.8,3,0,07:47
2026-08-10,06:01,Puente Tuzos,18,18,07:22,18,Llena,81.0,20.5,2,2,07:42
2026-08-10,07:24,Las vías,20,20,07:37,18,Llena,13.0,22.5,3,3,07:59
2026-08-10,07:38,Las vías,19,19,07:51,18,Llena,13.0,28.3,3,0,08:19
2026-08-10,07:53,Las vías,18,18,08:15,18,Llena,22.0,25.6,3,0,08:40
2026-08-10,07:28,Puente Tuzos,18,18,08:58,18,Llena,90.0,23.0,2,1,09:21
2026-08-10,08:27,Las vías,18,18,09:36,18,Llena,69.0,21.3,3,2,09:57
2026-08-10,09:37,Las vías,18,18,10:38,18,Llena,61.0,25.8,3,1,11:03
2026-08-10,10:43,Las vías,18,18,11:13,18,Llena,30.0,26.2,3,2,11:39
2026-08-10,09:10,Puente Tuzos,18,18,11:16,18,Llena,126.0,20.0,2,1,11:36
2026-08-10,11:14,Las vías,18,18,11:31,18,Llena,17.0,29.4,3,0,12:00
2026-08-10,11:32,Las vías,18,18,11:48,18,Llena,16.0,32.6,3,2,12:20
2026-08-10,11:20,Puente Tuzos,9,9,12:00,9,Parcial,40.0,17.8,2,2,12:17
2026-08-10,11:50,Las vías,18,18,12:03,18,Llena,13.0,30.2,3,2,12:33
2026-08-10,12:04,Las vías,17,17,12:19,17,Parcial,15.0,33.2,3,0,12:52
2026-08-10,12:13,Puente Tuzos,3,3,12:28,3,Parcial,15.0,21.0,2,0,12:49
2026-08-10,12:20,Las vías,19,19,12:32,18,Llena,12.0,28.9,3,0,13:00
2026-08-10,12:33,Las vías,19,19,12:44,18,Llena,11.0,26.9,3,0,13:10
2026-08-10,12:30,Puente Tuzos,4,4,12:45,4,Parcial,15.0,16.4,2,2,13:01
2026-08-10,12:46,Las vías,14,14,13:01,14,Parcial,15.0,30.9,3,1,13:31
2026-08-10,12:48,Puente Tuzos,4,4,13:03,4,Parcial,15.0,17.1,2,0,13:20
2026-08-10,13:02,Las vías,2,2,13:17,2,Parcial,15.0,30.3,3,2,13:47
2026-08-10,13:12,Puente Tuzos,6,6,13:27,6,Parcial,15.0,21.8,2,0,13:48
2026-08-10,13:20,Las vías,9,9,13:35,9,Parcial,15.0,29.1,3,0,14:04
2026-08-10,13:29,Puente Tuzos,1,1,13:44,1,Parcial,15.0,19.4,2,0,14:03
2026-08-10,13:38,Las vías,9,9,13:53,9,Parcial,15.0,29.6,3,1,14:22
2026-08-10,13:46,Puente Tuzos,2,2,14:01,2,Parcial,15.0,25.0,2,0,14:26
2026-08-10,13:54,Las vías,3,3,14:09,3,Parcial,15.0,31.8,3,0,14:40
2026-08-10,14:02,Puente Tuzos,3,3,14:17,3,Parcial,15.0,20.6,2,0,14:37
2026-08-10,14:11,Las vías,4,4,14:26,4,Parcial,15.0,23.8,3,1,14:49
2026-08-10,14:23,Puente Tuzos,3,3,14:38,3,Parcial,15.0,20.3,2,1,14:58
2026-08-10,14:35,Las vías,4,4,14:50,4,Parcial,15.0,23.7,3,0,15:13
2026-08-10,14:51,Las vías,11,11,15:06,11,Parcial,15.0,22.1,3,2,15:28
2026-08-10,15:01,Puente Tuzos,2,2,15:16,2,Parcial,15.0,21.8,2,0,15:37
2026-08-10,15:10,Las vías,3,3,15:25,3,Parcial,15.0,29.4,3,2,15:54
2026-08-10,15:22,Puente Tuzos,4,4,15:37,4,Parcial,15.0,24.3,2,0,16:01
2026-08-10,15:26,Las vías,7,7,15:41,7,Parcial,15.0,30.8,3,0,16:11
2026-08-10,15:42,Puente Tuzos,1,1,15:57,1,Parcial,15.0,24.5,2,2,16:21
2026-08-10,15:43,Las vías,6,6,15:58,6,Parcial,15.0,25.9,3,2,16:23
2026-08-10,16:00,Las vías,7,7,16:15,7,Parcial,15.0,30.1,3,2,16:45
2026-08-10,16:03,Puente Tuzos,2,2,16:18,2,Parcial,15.0,22.2,2,1,16:40
2026-08-10,16:18,Las vías,8,8,16:33,8,Parcial,15.0,28.8,3,3,17:01
2026-08-10,16:24,Puente Tuzos,3,3,16:39,3,Parcial,15.0,16.9,2,1,16:55
2026-08-10,16:40,Las vías,6,6,16:55,6,Parcial,15.0,29.0,3,1,17:24
2026-08-10,16:42,Puente Tuzos,3,3,16:57,3,Parcial,15.0,19.0,2,0,17:16
2026-08-10,17:00,Puente Tuzos,3,3,17:15,3,Parcial,15.0,22.4,2,2,17:37
2026-08-10,17:02,Las vías,4,4,17:17,4,Parcial,15.0,26.9,3,0,17:43
2026-08-10,17:19,Las vías,5,5,17:34,5,Parcial,15.0,29.2,3,3,18:03
2026-08-10,17:24,Puente Tuzos,2,2,17:39,2,Parcial,15.0,19.7,2,1,17:58
2026-08-10,17:35,Las vías,3,3,17:50,3,Parcial,15.0,25.4,3,0,18:15
2026-08-10,17:40,Puente Tuzos,2,2,17:55,2,Parcial,15.0,23.2,2,0,18:18
2026-08-10,17:51,Las vías,4,4,18:06,4,Parcial,15.0,30.5,3,3,18:36
2026-08-10,18:01,Puente Tuzos,3,3,18:16,3,Parcial,15.0,19.8,2,2,18:35
2026-08-10,18:12,Las vías,4,4,18:27,4,Parcial,15.0,28.7,3,1,18:55
2026-08-10,18:18,Puente Tuzos,3,3,18:33,3,Parcial,15.0,21.4,2,0,18:54
2026-08-10,18:28,Las vías,5,5,18:43,5,Parcial,15.0,32.3,3,2,19:15
2026-08-10,18:44,Puente Tuzos,4,4,18:59,4,Parcial,15.0,23.6,2,1,19:22
2026-08-10,18:48,Las vías,10,10,19:03,10,Parcial,15.0,29.4,3,1,19:32
2026-08-10,19:03,Puente Tuzos,5,5,19:18,5,Parcial,15.0,22.0,2,2,19:40
2026-08-10,19:04,Las vías,5,5,19:19,5,Parcial,15.0,25.8,3,0,19:44
2026-08-10,19:20,Puente Tuzos,2,2,19:35,2,Parcial,15.0,18.8,2,1,19:53
2026-08-10,19:26,Las vías,8,8,19:41,8,Parcial,15.0,30.6,3,2,20:11
2026-08-10,19:37,Puente Tuzos,2,2,19:52,2,Parcial,15.0,21.0,2,0,20:13
2026-08-10,19:44,Las vías,5,5,19:59,5,Parcial,15.0,32.0,3,2,20:31
2026-08-11,06:00,Las vías,19,19,06:12,18,Llena,12.0,25.8,3,0,06:37
2026-08-11,06:14,Las vías,18,18,06:34,18,Llena,20.0,24.9,3,2,06:58
2026-08-11,06:35,Las vías,21,21,06:48,18,Llena,13.0,24.6,3,3,07:12
2026-08-11,06:51,Las vías,19,19,07:03,18,Llena,12.0,26.3,3,2,07:29
2026-08-11,07:06,Las vías,18,18,07:25,18,Llena,19.0,23.8,3,2,07:48
2026-08-11,07:26,Las vías,18,18,07:45,18,Llena,19.0,23.4,3,0,08:08
2026-08-11,06:10,Puente Tuzos,18,18,07:47,18,Llena,97.0,16.3,2,2,08:03
2026-08-11,07:47,Las vías,19,19,08:09,18,Llena,22.0,22.8,3,3,08:31
2026-08-11,08:10,Las vías,18,18,09:02,18,Llena,52.0,27.4,3,0,09:29
2026-08-11,07:49,Puente Tuzos,18,18,10:04,18,Llena,135.0,21.7,2,0,10:25
2026-08-11,09:09,Las vías,18,18,10:11,18,Llena,62.0,26.8,3,1,10:37
2026-08-11,10:12,Las vías,19,19,10:50,18,Llena,38.0,30.4,3,2,11:20
2026-08-11,10:53,Las vías,20,20,11:11,18,Llena,18.0,31.1,3,2,11:42
2026-08-11,11:13,Las vías,20,20,11:25,18,Llena,12.0,28.5,3,0,11:53
2026-08-11,11:28,Las vías,19,19,11:38,18,Llena,10.0,30.2,3,1,12:08
2026-08-11,10:08,Puente Tuzos,18,18,11:41,18,Llena,93.0,19.9,2,2,12:00
2026-08-11,11:39,Las vías,18,18,11:56,18,Llena,17.0,27.7,3,1,12:23
2026-08-11,11:42,Puente Tuzos,6,6,12:00,6,Parcial,18.0,21.4,2,0,12:21
2026-08-11,11:57,Las vías,12,12,12:12,12,Parcial,15.0,28.9,3,2,12:40
2026-08-11,12:06,Puente Tuzos,7,7,12:21,7,Parcial,15.0,17.3,2,2,12:38
2026-08-11,12:13,Las vías,18,18,12:26,18,Llena,13.0,30.2,3,1,12:56
2026-08-11,12:23,Puente Tuzos,4,4,12:38,4,Parcial,15.0,20.5,2,2,12:58
2026-08-11,12:28,Las vías,19,19,12:39,18,Llena,11.0,25.8,3,3,13:04
2026-08-11,12:41,Las vías,18,18,12:53,18,Llena,12.0,26.2,3,0,13:19
2026-08-11,12:41,Puente Tuzos,6,6,12:56,6,Parcial,15.0,22.2,2,2,13:18
2026-08-11,12:55,Las vías,9,9,13:10,9,Parcial,15.0,28.0,3,3,13:38
2026-08-11,13:00,Puente Tuzos,2,2,13:15,2,Parcial,15.0,18.7,2,2,13:33
2026-08-11,13:11,Las vías,5,5,13:26,5,Parcial,15.0,32.6,3,1,13:58
2026-08-11,13:21,Puente Tuzos,3,3,13:36,3,Parcial,15.0,22.9,2,1,13:58
2026-08-11,13:28,Las vías,8,8,13:43,8,Parcial,15.0,25.6,3,2,14:08
2026-08-11,13:45,Las vías,6,6,14:00,6,Parcial,15.0,29.4,3,0,14:29
2026-08-11,13:54,Puente Tuzos,5,5,14:09,5,Parcial,15.0,25.6,2,2,14:34
2026-08-11,14:02,Las vías,6,6,14:17,6,Parcial,15.0,28.9,3,3,14:45
2026-08-11,14:21,Puente Tuzos,1,1,14:36,1,Parcial,15.0,16.7,2,1,14:52
2026-08-11,14:22,Las vías,7,7,14:37,7,Parcial,15.0,24.5,3,2,15:01
2026-08-11,14:37,Puente Tuzos,4,4,14:52,4,Parcial,15.0,22.2,2,2,15:14
2026-08-11,14:43,Las vías,5,5,14:58,5,Parcial,15.0,29.8,3,0,15:27
2026-08-11,14:53,Puente Tuzos,2,2,15:08,2,Parcial,15.0,14.5,2,0,15:22
2026-08-11,15:11,Las vías,6,6,15:26,6,Parcial,15.0,28.2,3,1,15:54
2026-08-11,15:12,Puente Tuzos,1,1,15:27,1,Parcial,15.0,18.2,2,0,15:45
2026-08-11,15:32,Las vías,6,6,15:47,6,Parcial,15.0,28.4,3,3,16:15
2026-08-11,15:34,Puente Tuzos,2,2,15:49,2,Parcial,15.0,16.0,2,2,16:05
2026-08-11,15:55,Puente Tuzos,3,3,16:10,3,Parcial,15.0,18.5,2,0,16:28
2026-08-11,15:56,Las vías,4,4,16:11,4,Parcial,15.0,30.7,3,2,16:41
2026-08-11,16:13,Las vías,7,7,16:28,7,Parcial,15.0,29.6,3,0,16:57
2026-08-11,16:13,Puente Tuzos,3,3,16:28,3,Parcial,15.0,25.2,2,1,16:53
2026-08-11,16:30,Las vías,9,9,16:45,9,Parcial,15.0,28.1,3,3,17:13
2026-08-11,16:31,Puente Tuzos,3,3,16:46,3,Parcial,15.0,19.4,2,0,17:05
2026-08-11,16:50,Las vías,6,6,17:05,6,Parcial,15.0,29.8,3,2,17:34
2026-08-11,16:51,Puente Tuzos,9,9,17:06,9,Parcial,15.0,21.7,2,1,17:27
2026-08-11,17:07,Las vías,9,9,17:22,9,Parcial,15.0,29.4,3,2,17:51
2026-08-11,17:09,Puente Tuzos,2,2,17:24,2,Parcial,15.0,15.1,2,2,17:39
2026-08-11,17:24,Las vías,7,7,17:39,7,Parcial,15.0,29.4,3,0,18:08
2026-08-11,17:25,Puente Tuzos,4,4,17:40,4,Parcial,15.0,19.5,2,0,17:59
2026-08-11,17:40,Las vías,8,8,17:55,8,Parcial,15.0,26.1,3,3,18:21
2026-08-11,17:42,Puente Tuzos,4,4,17:57,4,Parcial,15.0,20.2,2,0,18:17
2026-08-11,17:58,Las vías,6,6,18:13,6,Parcial,15.0,31.6,3,0,18:44
2026-08-11,17:59,Puente Tuzos,4,4,18:14,4,Parcial,15.0,17.2,2,2,18:31
2026-08-11,18:17,Las vías,8,8,18:32,8,Parcial,15.0,31.6,3,1,19:03
2026-08-11,18:20,Puente Tuzos,5,5,18:35,5,Parcial,15.0,22.1,2,2,18:57
2026-08-11,18:36,Las vías,6,6,18:51,6,Parcial,15.0,26.3,3,1,19:17
2026-08-11,18:40,Puente Tuzos,2,2,18:55,2,Parcial,15.0,17.5,2,2,19:12
2026-08-11,18:56,Las vías,9,9,19:11,9,Parcial,15.0,27.5,3,2,19:38
2026-08-11,18:56,Puente Tuzos,2,2,19:11,2,Parcial,15.0,25.5,2,0,19:36
2026-08-11,19:12,Las vías,3,3,19:27,3,Parcial,15.0,24.4,3,2,19:51
2026-08-11,19:12,Puente Tuzos,4,4,19:27,4,Parcial,15.0,19.7,2,2,19:46
2026-08-11,19:29,Las vías,9,9,19:44,9,Parcial,15.0,26.9,3,1,20:10
2026-08-11,19:39,Puente Tuzos,4,4,19:54,4,Parcial,15.0,18.1,2,2,20:12
2026-08-12,06:00,Las vías,20,20,06:19,18,Llena,19.0,24.2,3,2,06:43
2026-08-12,06:20,Las vías,19,19,06:33,18,Llena,13.0,24.2,3,0,06:57
2026-08-12,06:37,Las vías,18,18,06:57,18,Llena,20.0,31.0,3,1,07:28
2026-08-12,06:58,Las vías,18,18,07:20,18,Llena,22.0,28.7,3,2,07:48
2026-08-12,07:21,Las vías,18,18,07:30,18,Llena,9.0,25.3,3,1,07:55
2026-08-12,07:31,Las vías,19,19,07:44,18,Llena,13.0,31.5,3,3,08:15
2026-08-12,06:02,Puente Tuzos,18,18,07:46,18,Llena,104.0,23.1,2,1,08:09
2026-08-12,07:46,Las vías,18,18,07:56,18,Llena,10.0,29.5,3,1,08:25
2026-08-12,07:57,Las vías,18,18,08:57,18,Llena,60.0,23.8,3,0,09:20
2026-08-12,09:01,Las vías,18,18,09:40,18,Llena,39.0,27.1,3,0,10:07
2026-08-12,08:06,Puente Tuzos,18,18,10:37,18,Llena,151.0,19.6,2,1,10:56
2026-08-12,09:41,Las vías,19,19,10:41,18,Llena,60.0,32.3,3,2,11:13
2026-08-12,10:42,Las vías,18,18,11:13,18,Llena,31.0,29.1,3,2,11:42
2026-08-12,11:14,Las vías,18,18,11:27,18,Llena,13.0,27.3,3,0,11:54
2026-08-12,11:29,Las vías,21,21,11:51,18,Llena,22.0,30.1,3,2,12:21
2026-08-12,10:41,Puente Tuzos,15,15,12:00,15,Parcial,79.0,16.3,2,1,12:16
2026-08-12,11:52,Las vías,19,19,12:07,18,Llena,15.0,27.1,3,1,12:34
2026-08-12,12:01,Puente Tuzos,3,3,12:16,3,Parcial,15.0,18.0,2,1,12:34
2026-08-12,12:08,Las vías,18,18,12:20,18,Llena,12.0,28.4,3,3,12:48
2026-08-12,12:23,Las vías,18,18,12:35,18,Llena,12.0,26.1,3,0,13:01
2026-08-12,12:20,Puente Tuzos,4,4,12:35,4,Parcial,15.0,18.8,2,0,12:53
2026-08-12,12:38,Las vías,18,18,12:50,18,Llena,12.0,27.6,3,3,13:17
2026-08-12,12:40,Puente Tuzos,2,2,12:55,2,Parcial,15.0,17.8,2,1,13:12
2026-08-12,12:51,Las vías,14,14,13:06,14,Parcial,15.0,32.6,3,2,13:38
2026-08-12,13:04,Puente Tuzos,2,2,13:19,2,Parcial,15.0,18.1,2,2,13:37
2026-08-12,13:07,Las vías,1,1,13:22,1,Parcial,15.0,29.4,3,3,13:51
2026-08-12,13:23,Las vías,3,3,13:38,3,Parcial,15.0,28.8,3,0,14:06
2026-08-12,13:39,Las vías,13,13,13:54,13,Parcial,15.0,23.7,3,0,14:17
2026-08-12,13:39,Puente Tuzos,3,3,13:54,3,Parcial,15.0,21.1,2,0,14:15
2026-08-12,13:58,Las vías,6,6,14:13,6,Parcial,15.0,28.3,3,3,14:41
2026-08-12,14:01,Puente Tuzos,3,3,14:16,3,Parcial,15.0,22.5,2,2,14:38
2026-08-12,14:14,Las vías,4,4,14:29,4,Parcial,15.0,26.0,3,2,14:55
2026-08-12,14:19,Puente Tuzos,2,2,14:34,2,Parcial,15.0,19.0,2,2,14:53
2026-08-12,14:39,Las vías,8,8,14:54,8,Parcial,15.0,29.0,3,1,15:23
2026-08-12,14:55,Las vías,3,3,15:10,3,Parcial,15.0,25.3,3,0,15:35
2026-08-12,15:01,Puente Tuzos,3,3,15:16,3,Parcial,15.0,19.3,2,1,15:35
2026-08-12,15:11,Las vías,10,10,15:26,10,Parcial,15.0,27.8,3,1,15:53
2026-08-12,15:24,Puente Tuzos,3,3,15:39,3,Parcial,15.0,21.9,2,2,16:00
2026-08-12,15:38,Las vías,6,6,15:53,6,Parcial,15.0,25.5,3,3,16:18
2026-08-12,15:42,Puente Tuzos,2,2,15:57,2,Parcial,15.0,18.8,2,0,16:15
2026-08-12,15:57,Las vías,7,7,16:12,7,Parcial,15.0,27.6,3,1,16:39
2026-08-12,16:02,Puente Tuzos,3,3,16:17,3,Parcial,15.0,19.6,2,1,16:36
2026-08-12,16:16,Las vías,6,6,16:31,6,Parcial,15.0,31.4,3,0,17:02
2026-08-12,16:24,Puente Tuzos,4,4,16:39,4,Parcial,15.0,18.8,2,1,16:57
2026-08-12,16:32,Las vías,4,4,16:47,4,Parcial,15.0,28.4,3,3,17:15
2026-08-12,16:43,Puente Tuzos,3,3,16:58,3,Parcial,15.0,19.7,2,1,17:17
2026-08-12,16:49,Las vías,5,5,17:04,5,Parcial,15.0,26.0,3,3,17:30
2026-08-12,17:11,Las vías,9,9,17:26,9,Parcial,15.0,26.2,3,3,17:52
2026-08-12,17:16,Puente Tuzos,4,4,17:31,4,Parcial,15.0,16.7,2,2,17:47
2026-08-12,17:42,Puente Tuzos,6,6,17:57,6,Parcial,15.0,21.1,2,1,18:18
2026-08-12,17:43,Las vías,11,11,17:58,11,Parcial,15.0,31.9,3,0,18:29
2026-08-12,18:00,Las vías,4,4,18:15,4,Parcial,15.0,26.7,3,3,18:41
2026-08-12,18:06,Puente Tuzos,2,2,18:21,2,Parcial,15.0,18.8,2,1,18:39
2026-08-12,18:16,Las vías,4,4,18:31,4,Parcial,15.0,27.0,3,2,18:58
2026-08-12,18:22,Puente Tuzos,3,3,18:37,3,Parcial,15.0,19.1,2,2,18:56
2026-08-12,18:35,Las vías,7,7,18:50,7,Parcial,15.0,27.6,3,0,19:17
2026-08-12,18:38,Puente Tuzos,4,4,18:53,4,Parcial,15.0,20.8,2,0,19:13
2026-08-12,18:53,Las vías,9,9,19:08,9,Parcial,15.0,31.0,3,0,19:39
2026-08-12,19:09,Las vías,10,10,19:24,10,Parcial,15.0,32.8,3,2,19:56
2026-08-12,19:21,Puente Tuzos,4,4,19:36,4,Parcial,15.0,20.7,2,0,19:56
2026-08-12,19:26,Las vías,5,5,19:41,5,Parcial,15.0,29.0,3,1,20:10
2026-08-12,19:43,Puente Tuzos,3,3,19:58,3,Parcial,15.0,20.5,2,0,20:18
2026-08-13,06:00,Las vías,19,19,06:15,18,Llena,15.0,27.1,3,3,06:42
2026-08-13,06:17,Las vías,19,19,06:33,18,Llena,16.0,29.9,3,3,07:02
2026-08-13,06:34,Las vías,18,18,06:50,18,Llena,16.0,26.4,3,1,07:16
2026-08-13,06:51,Las vías,18,18,07:03,18,Llena,12.0,27.7,3,0,07:30
2026-08-13,07:05,Las vías,20,20,07:22,18,Llena,17.0,31.4,3,0,07:53
2026-08-13,06:02,Puente Tuzos,19,19,07:32,18,Llena,90.0,17.2,2,1,07:49
2026-08-13,07:24,Las vías,19,19,07:34,18,Llena,10.0,31.1,3,3,08:05
2026-08-13,07:35,Las vías,18,18,07:50,18,Llena,15.0,29.2,3,1,08:19
2026-08-13,07:51,Las vías,18,18,08:09,18,Llena,18.0,28.8,3,1,08:37
2026-08-13,08:14,Las vías,18,18,08:57,18,Llena,43.0,27.4,3,2,09:24
2026-08-13,07:35,Puente Tuzos,18,18,09:14,18,Llena,99.0,19.5,2,1,09:33
2026-08-13,08:58,Las vías,18,18,09:59,18,Llena,61.0,27.8,3,1,10:26
2026-08-13,10:06,Las vías,20,20,11:00,18,Llena,54.0,28.3,3,0,11:28
2026-08-13,11:01,Las vías,18,18,11:11,18,Llena,10.0,33.9,3,2,11:44
2026-08-13,11:12,Las vías,18,18,11:29,18,Llena,17.0,27.1,3,1,11:56
2026-08-13,09:20,Puente Tuzos,18,18,11:34,18,Llena,134.0,18.9,2,1,11:52
2026-08-13,11:30,Las vías,19,19,11:42,18,Llena,12.0,26.3,3,1,12:08
2026-08-13,11:43,Las vías,17,17,12:00,17,Parcial,17.0,31.7,3,0,12:31
2026-08-13,11:36,Puente Tuzos,5,5,12:00,5,Parcial,24.0,19.3,2,0,12:19
2026-08-13,12:01,Las vías,20,20,12:15,18,Llena,14.0,26.3,3,2,12:41
2026-08-13,12:03,Puente Tuzos,5,5,12:18,5,Parcial,15.0,21.7,2,1,12:39
2026-08-13,12:16,Las vías,20,20,12:29,18,Llena,13.0,32.0,3,0,13:01
2026-08-13,12:19,Puente Tuzos,2,2,12:34,2,Parcial,15.0,17.2,2,2,12:51
2026-08-13,12:30,Las vías,18,18,12:43,18,Llena,13.0,31.0,3,0,13:14
2026-08-13,12:37,Puente Tuzos,3,3,12:52,3,Parcial,15.0,22.6,2,0,13:14
2026-08-13,12:44,Las vías,19,19,12:58,18,Llena,14.0,28.2,3,0,13:26
2026-08-13,12:56,Puente Tuzos,3,3,13:11,3,Parcial,15.0,19.3,2,0,13:30
2026-08-13,12:59,Las vías,5,5,13:14,5,Parcial,15.0,26.0,3,3,13:40
2026-08-13,13:15,Puente Tuzos,1,1,13:30,1,Parcial,15.0,20.8,2,0,13:50
2026-08-13,13:16,Las vías,10,10,13:31,10,Parcial,15.0,26.7,3,1,13:57
2026-08-13,13:33,Las vías,5,5,13:48,5,Parcial,15.0,30.5,3,3,14:18
2026-08-13,13:43,Puente Tuzos,6,6,13:58,6,Parcial,15.0,19.9,2,0,14:17
2026-08-13,13:49,Las vías,7,7,14:04,7,Parcial,15.0,23.7,3,1,14:27
2026-08-13,14:03,Puente Tuzos,2,2,14:18,2,Parcial,15.0,19.9,2,0,14:37
2026-08-13,14:06,Las vías,7,7,14:21,7,Parcial,15.0,30.3,3,0,14:51
2026-08-13,14:22,Las vías,7,7,14:37,7,Parcial,15.0,28.7,3,3,15:05
2026-08-13,14:38,Las vías,9,9,14:53,9,Parcial,15.0,30.0,3,2,15:23
2026-08-13,14:45,Puente Tuzos,4,4,15:00,4,Parcial,15.0,24.3,2,1,15:24
2026-08-13,14:55,Las vías,9,9,15:10,9,Parcial,15.0,28.7,3,0,15:38
2026-08-13,15:10,Puente Tuzos,4,4,15:25,4,Parcial,15.0,18.6,2,1,15:43
2026-08-13,15:11,Las vías,5,5,15:26,5,Parcial,15.0,25.4,3,0,15:51
2026-08-13,15:27,Las vías,7,7,15:42,7,Parcial,15.0,29.3,3,0,16:11
2026-08-13,15:29,Puente Tuzos,5,5,15:44,5,Parcial,15.0,19.7,2,1,16:03
2026-08-13,15:44,Las vías,8,8,15:59,8,Parcial,15.0,28.8,3,1,16:27
2026-08-13,15:56,Puente Tuzos,2,2,16:11,2,Parcial,15.0,22.3,2,1,16:33
2026-08-13,16:01,Las vías,2,2,16:16,2,Parcial,15.0,29.5,3,1,16:45
2026-08-13,16:13,Puente Tuzos,5,5,16:28,5,Parcial,15.0,20.6,2,2,16:48
2026-08-13,16:23,Las vías,6,6,16:38,6,Parcial,15.0,28.6,3,3,17:06
2026-08-13,16:36,Puente Tuzos,1,1,16:51,1,Parcial,15.0,17.5,2,1,17:08
2026-08-13,16:46,Las vías,5,5,17:01,5,Parcial,15.0,25.2,3,0,17:26
2026-08-13,16:53,Puente Tuzos,2,2,17:08,2,Parcial,15.0,18.3,2,0,17:26
2026-08-13,17:02,Las vías,5,5,17:17,5,Parcial,15.0,30.3,3,0,17:47
2026-08-13,17:20,Las vías,3,3,17:35,3,Parcial,15.0,24.8,3,3,17:59
2026-08-13,17:22,Puente Tuzos,2,2,17:37,2,Parcial,15.0,22.9,2,2,17:59
2026-08-13,17:36,Las vías,8,8,17:51,8,Parcial,15.0,28.7,3,0,18:19
2026-08-13,17:44,Puente Tuzos,2,2,17:59,2,Parcial,15.0,20.5,2,1,18:19
2026-08-13,17:52,Las vías,7,7,18:07,7,Parcial,15.0,30.4,3,2,18:37
2026-08-13,18:05,Puente Tuzos,5,5,18:20,5,Parcial,15.0,19.8,2,0,18:39
2026-08-13,18:15,Las vías,3,3,18:30,3,Parcial,15.0,30.0,3,2,19:00
2026-08-13,18:23,Puente Tuzos,4,4,18:38,4,Parcial,15.0,22.1,2,1,19:00
2026-08-13,18:31,Las vías,9,9,18:46,9,Parcial,15.0,31.4,3,1,19:17
2026-08-13,18:47,Las vías,7,7,19:02,7,Parcial,15.0,30.9,3,3,19:32
2026-08-13,19:05,Las vías,6,6,19:20,6,Parcial,15.0,27.3,3,2,19:47
2026-08-13,19:14,Puente Tuzos,4,4,19:29,4,Parcial,15.0,18.5,2,1,19:47
2026-08-13,19:22,Las vías,4,4,19:37,4,Parcial,15.0,28.8,3,1,20:05
2026-08-13,19:37,Puente Tuzos,3,3,19:52,3,Parcial,15.0,20.2,2,0,20:12
2026-08-13,19:39,Las vías,6,6,19:54,6,Parcial,15.0,29.5,3,0,20:23
2026-08-14,06:00,Las vías,19,19,06:14,18,Llena,14.0,30.6,3,0,06:44
2026-08-14,06:15,Las vías,18,18,06:27,18,Llena,12.0,30.2,3,0,06:57
2026-08-14,06:28,Las vías,19,19,06:42,18,Llena,14.0,28.0,3,3,07:10
2026-08-14,06:44,Las vías,19,19,06:58,18,Llena,14.0,27.3,3,3,07:25
2026-08-14,07:00,Las vías,20,20,07:15,18,Llena,15.0,25.9,3,3,07:40
2026-08-14,06:05,Puente Tuzos,18,18,07:31,18,Llena,86.0,21.3,2,0,07:52
2026-08-14,07:18,Las vías,19,19,07:33,18,Llena,15.0,22.3,3,1,07:55
2026-08-14,07:34,Las vías,18,18,07:50,18,Llena,16.0,23.1,3,0,08:13
2026-08-14,07:51,Las vías,18,18,08:12,18,Llena,21.0,28.9,3,1,08:40
2026-08-14,08:13,Las vías,18,18,09:04,18,Llena,51.0,25.2,3,3,09:29
2026-08-14,07:32,Puente Tuzos,19,19,09:38,18,Llena,126.0,23.6,2,2,10:01
2026-08-14,09:07,Las vías,18,18,09:41,18,Llena,34.0,32.7,3,1,10:13
2026-08-14,09:44,Las vías,18,18,10:13,18,Llena,29.0,32.2,3,1,10:45
2026-08-14,10:15,Las vías,18,18,10:55,18,Llena,40.0,29.4,3,3,11:24
2026-08-14,10:56,Las vías,19,19,11:11,18,Llena,15.0,30.5,3,3,11:41
2026-08-14,11:12,Las vías,20,20,11:28,18,Llena,16.0,30.7,3,3,11:58
2026-08-14,09:52,Puente Tuzos,18,18,11:44,18,Llena,112.0,23.6,2,0,12:07
2026-08-14,11:29,Las vías,18,18,11:46,18,Llena,17.0,28.9,3,2,12:14
2026-08-14,11:47,Las vías,19,19,11:56,18,Llena,9.0,31.6,3,0,12:27
2026-08-14,11:51,Puente Tuzos,3,3,12:06,3,Parcial,15.0,17.4,2,2,12:23
2026-08-14,11:57,Las vías,18,18,12:11,18,Llena,14.0,27.4,3,3,12:38
2026-08-14,12:09,Puente Tuzos,5,5,12:24,5,Parcial,15.0,22.3,2,0,12:46
2026-08-14,12:15,Las vías,18,18,12:26,18,Llena,11.0,33.4,3,0,12:59
2026-08-14,12:28,Las vías,18,18,12:41,18,Llena,13.0,27.0,3,2,13:08
2026-08-14,12:26,Puente Tuzos,3,3,12:41,3,Parcial,15.0,18.7,2,2,12:59
2026-08-14,12:42,Las vías,16,16,12:57,16,Parcial,15.0,32.9,3,1,13:29
2026-08-14,12:47,Puente Tuzos,6,6,13:02,6,Parcial,15.0,19.7,2,0,13:21
2026-08-14,12:59,Las vías,5,5,13:14,5,Parcial,15.0,24.1,3,3,13:38
2026-08-14,13:16,Las vías,3,3,13:31,3,Parcial,15.0,26.9,3,0,13:57
2026-08-14,13:23,Puente Tuzos,3,3,13:38,3,Parcial,15.0,14.8,2,1,13:52
2026-08-14,13:34,Las vías,7,7,13:49,7,Parcial,15.0,30.3,3,2,14:19
2026-08-14,13:44,Puente Tuzos,3,3,13:59,3,Parcial,15.0,20.3,2,2,14:19
2026-08-14,13:55,Las vías,6,6,14:10,6,Parcial,15.0,28.0,3,3,14:38
2026-08-14,14:06,Puente Tuzos,2,2,14:21,2,Parcial,15.0,22.6,2,1,14:43
2026-08-14,14:13,Las vías,4,4,14:28,4,Parcial,15.0,29.4,3,1,14:57
2026-08-14,14:25,Puente Tuzos,2,2,14:40,2,Parcial,15.0,19.9,2,2,14:59
2026-08-14,14:36,Las vías,4,4,14:51,4,Parcial,15.0,21.6,3,2,15:12
2026-08-14,14:56,Puente Tuzos,4,4,15:11,4,Parcial,15.0,20.0,2,0,15:31
2026-08-14,14:59,Las vías,7,7,15:14,7,Parcial,15.0,27.1,3,0,15:41
2026-08-14,15:15,Las vías,12,12,15:30,12,Parcial,15.0,25.6,3,3,15:55
2026-08-14,15:30,Puente Tuzos,2,2,15:45,2,Parcial,15.0,22.9,2,1,16:07
2026-08-14,15:31,Las vías,11,11,15:46,11,Parcial,15.0,33.1,3,1,16:19
2026-08-14,15:47,Puente Tuzos,4,4,16:02,4,Parcial,15.0,20.8,2,1,16:22
2026-08-14,15:55,Las vías,7,7,16:10,7,Parcial,15.0,26.1,3,2,16:36
2026-08-14,16:03,Puente Tuzos,3,3,16:18,3,Parcial,15.0,17.6,2,2,16:35
2026-08-14,16:14,Las vías,8,8,16:29,8,Parcial,15.0,31.5,3,0,17:00
2026-08-14,16:20,Puente Tuzos,4,4,16:35,4,Parcial,15.0,21.7,2,1,16:56
2026-08-14,16:30,Las vías,4,4,16:45,4,Parcial,15.0,22.4,3,2,17:07
2026-08-14,16:42,Puente Tuzos,5,5,16:57,5,Parcial,15.0,23.2,2,0,17:20
2026-08-14,16:46,Las vías,5,5,17:01,5,Parcial,15.0,25.9,3,2,17:26
2026-08-14,16:58,Puente Tuzos,4,4,17:13,4,Parcial,15.0,19.0,2,2,17:32
2026-08-14,17:08,Las vías,4,4,17:23,4,Parcial,15.0,31.2,3,1,17:54
2026-08-14,17:15,Puente Tuzos,2,2,17:30,2,Parcial,15.0,17.9,2,0,17:47
2026-08-14,17:31,Las vías,9,9,17:46,9,Parcial,15.0,25.5,3,2,18:11
2026-08-14,17:33,Puente Tuzos,4,4,17:48,4,Parcial,15.0,20.1,2,2,18:08
2026-08-14,17:52,Las vías,2,2,18:07,2,Parcial,15.0,26.5,3,1,18:33
2026-08-14,17:58,Puente Tuzos,4,4,18:13,4,Parcial,15.0,20.3,2,2,18:33
2026-08-14,18:14,Las vías,5,5,18:29,5,Parcial,15.0,29.7,3,1,18:58
2026-08-14,18:22,Puente Tuzos,1,1,18:37,1,Parcial,15.0,20.3,2,1,18:57
2026-08-14,18:33,Las vías,5,5,18:48,5,Parcial,15.0,24.1,3,1,19:12
2026-08-14,18:46,Puente Tuzos,5,5,19:01,5,Parcial,15.0,21.9,2,1,19:22
2026-08-14,18:50,Las vías,5,5,19:05,5,Parcial,15.0,31.7,3,0,19:36
2026-08-14,19:08,Las vías,9,9,19:23,9,Parcial,15.0,26.2,3,2,19:49
2026-08-14,19:12,Puente Tuzos,4,4,19:27,4,Parcial,15.0,19.8,2,0,19:46
2026-08-14,19:26,Las vías,7,7,19:41,7,Parcial,15.0,21.4,3,2,20:02
2026-08-14,19:29,Puente Tuzos,3,3,19:44,3,Parcial,15.0,20.2,2,2,20:04
2026-08-14,19:42,Las vías,6,6,19:57,6,Parcial,15.0,29.5,3,3,20:26
2026-08-15,06:01,Las vías,19,19,06:15,18,Llena,14.0,28.8,3,0,06:43
2026-08-15,06:17,Las vías,20,20,06:32,18,Llena,15.0,32.7,3,3,07:04
2026-08-15,06:34,Las vías,18,18,06:49,18,Llena,15.0,26.5,3,1,07:15
2026-08-15,06:01,Puente Tuzos,18,18,06:55,18,Llena,54.0,26.8,2,1,07:21
2026-08-15,06:50,Las vías,18,18,07:04,18,Llena,14.0,28.6,3,2,07:32
2026-08-15,07:05,Las vías,18,18,07:14,18,Llena,9.0,27.1,3,1,07:41
2026-08-15,07:15,Las vías,20,20,07:34,18,Llena,19.0,30.0,3,1,08:04
2026-08-15,07:35,Las vías,19,19,07:47,18,Llena,12.0,25.6,3,1,08:12
2026-08-15,07:48,Las vías,18,18,08:12,18,Llena,24.0,26.4,3,3,08:38
2026-08-15,06:57,Puente Tuzos,18,18,08:18,18,Llena,81.0,21.2,2,1,08:39
2026-08-15,08:13,Las vías,19,19,08:49,18,Llena,36.0,28.3,3,0,09:17
2026-08-15,08:52,Las vías,18,18,09:45,18,Llena,53.0,29.2,3,1,10:14
2026-08-15,08:20,Puente Tuzos,18,18,10:24,18,Llena,124.0,19.8,2,1,10:43
2026-08-15,09:46,Las vías,18,18,10:51,18,Llena,65.0,25.3,3,2,11:16
2026-08-15,10:52,Las vías,18,18,11:18,18,Llena,26.0,31.1,3,0,11:49
2026-08-15,10:28,Puente Tuzos,18,18,11:35,18,Llena,67.0,17.7,2,0,11:52
2026-08-15,11:19,Las vías,18,18,11:40,18,Llena,21.0,24.4,3,3,12:04
2026-08-15,11:41,Las vías,19,19,11:51,18,Llena,10.0,31.4,3,1,12:22
2026-08-15,11:40,Puente Tuzos,7,7,12:00,7,Parcial,20.0,18.3,2,1,12:18
2026-08-15,11:52,Las vías,18,18,12:04,18,Llena,12.0,24.2,3,1,12:28
2026-08-15,12:03,Puente Tuzos,4,4,12:18,4,Parcial,15.0,15.9,2,2,12:33
2026-08-15,12:05,Las vías,18,18,12:20,18,Llena,15.0,28.1,3,2,12:48
2026-08-15,12:21,Las vías,21,21,12:34,18,Llena,13.0,30.3,3,0,13:04
2026-08-15,12:21,Puente Tuzos,2,2,12:36,2,Parcial,15.0,22.4,2,1,12:58
2026-08-15,12:39,Las vías,19,19,12:52,18,Llena,13.0,25.8,3,3,13:17
2026-08-15,12:42,Puente Tuzos,7,7,12:57,7,Parcial,15.0,22.4,2,0,13:19
2026-08-15,12:53,Las vías,18,18,13:04,18,Llena,11.0,26.1,3,1,13:30
2026-08-15,13:05,Puente Tuzos,3,3,13:20,3,Parcial,15.0,15.7,2,0,13:35
2026-08-15,13:12,Las vías,12,12,13:27,12,Parcial,15.0,25.1,3,2,13:52
2026-08-15,13:32,Las vías,7,7,13:47,7,Parcial,15.0,30.6,3,3,14:17
2026-08-15,13:33,Puente Tuzos,4,4,13:48,4,Parcial,15.0,22.4,2,2,14:10
2026-08-15,13:50,Las vías,5,5,14:05,5,Parcial,15.0,29.8,3,2,14:34
2026-08-15,14:01,Puente Tuzos,3,3,14:16,3,Parcial,15.0,18.1,2,0,14:34
2026-08-15,14:06,Las vías,12,12,14:21,12,Parcial,15.0,30.9,3,3,14:51
2026-08-15,14:23,Las vías,5,5,14:38,5,Parcial,15.0,27.7,3,3,15:05
2026-08-15,14:29,Puente Tuzos,5,5,14:44,5,Parcial,15.0,22.6,2,2,15:06
2026-08-15,14:42,Las vías,5,5,14:57,5,Parcial,15.0,30.4,3,3,15:27
2026-08-15,14:46,Puente Tuzos,1,1,15:01,1,Parcial,15.0,24.3,2,1,15:25
2026-08-15,14:59,Las vías,3,3,15:14,3,Parcial,15.0,22.2,3,0,15:36
2026-08-15,15:19,Las vías,6,6,15:34,6,Parcial,15.0,27.4,3,3,16:01
2026-08-15,15:21,Puente Tuzos,2,2,15:36,2,Parcial,15.0,26.1,2,1,16:02
2026-08-15,15:35,Las vías,7,7,15:50,7,Parcial,15.0,27.3,3,1,16:17
2026-08-15,15:41,Puente Tuzos,1,1,15:56,1,Parcial,15.0,25.9,2,1,16:21
2026-08-15,15:56,Las vías,7,7,16:11,7,Parcial,15.0,30.2,3,0,16:41
2026-08-15,16:18,Puente Tuzos,2,2,16:33,2,Parcial,15.0,18.4,2,0,16:51
2026-08-15,16:19,Las vías,8,8,16:34,8,Parcial,15.0,27.8,3,0,17:01
2026-08-15,16:35,Las vías,6,6,16:50,6,Parcial,15.0,29.0,3,0,17:19
2026-08-15,16:38,Puente Tuzos,3,3,16:53,3,Parcial,15.0,17.6,2,1,17:10
2026-08-15,16:52,Las vías,6,6,17:07,6,Parcial,15.0,30.6,3,3,17:37
2026-08-15,16:54,Puente Tuzos,4,4,17:09,4,Parcial,15.0,22.0,2,2,17:31
2026-08-15,17:13,Las vías,4,4,17:28,4,Parcial,15.0,24.0,3,1,17:52
2026-08-15,17:17,Puente Tuzos,3,3,17:32,3,Parcial,15.0,20.5,2,0,17:52
2026-08-15,17:29,Las vías,4,4,17:44,4,Parcial,15.0,30.5,3,1,18:14
2026-08-15,17:36,Puente Tuzos,3,3,17:51,3,Parcial,15.0,23.9,2,2,18:14
2026-08-15,17:46,Las vías,5,5,18:01,5,Parcial,15.0,30.8,3,2,18:31
2026-08-15,17:56,Puente Tuzos,4,4,18:11,4,Parcial,15.0,20.3,2,2,18:31
2026-08-15,18:05,Las vías,5,5,18:20,5,Parcial,15.0,26.7,3,3,18:46
2026-08-15,18:23,Las vías,7,7,18:38,7,Parcial,15.0,28.6,3,3,19:06
2026-08-15,18:31,Puente Tuzos,1,1,18:46,1,Parcial,15.0,20.9,2,2,19:06
2026-08-15,18:39,Las vías,7,7,18:54,7,Parcial,15.0,29.6,3,3,19:23
2026-08-15,18:50,Puente Tuzos,1,1,19:05,1,Parcial,15.0,19.0,2,2,19:24
2026-08-15,19:01,Las vías,9,9,19:16,9,Parcial,15.0,28.6,3,0,19:44
2026-08-15,19:12,Puente Tuzos,5,5,19:27,5,Parcial,15.0,14.4,2,0,19:41
2026-08-15,19:17,Las vías,4,4,19:32,4,Parcial,15.0,30.1,3,2,20:02
2026-08-15,19:39,Puente Tuzos,2,2,19:54,2,Parcial,15.0,18.8,2,2,20:12
2026-08-15,19:41,Las vías,7,7,19:56,7,Parcial,15.0,31.2,3,3,20:27
2026-08-16,06:00,Las vías,19,19,06:10,18,Llena,10.0,24.0,3,3,06:34
2026-08-16,06:11,Las vías,19,19,06:29,18,Llena,18.0,26.1,3,2,06:55
2026-08-16,06:30,Las vías,18,18,06:39,18,Llena,9.0,31.5,3,2,07:10
2026-08-16,06:40,Las vías,18,18,06:53,18,Llena,13.0,29.3,3,3,07:22
2026-08-16,06:55,Las vías,19,19,07:12,18,Llena,17.0,27.4,3,1,07:39
2026-08-16,07:13,Las vías,20,20,07:24,18,Llena,11.0,26.7,3,3,07:50
2026-08-16,06:07,Puente Tuzos,18,18,07:30,18,Llena,83.0,22.7,2,0,07:52
2026-08-16,07:25,Las vías,19,19,07:36,18,Llena,11.0,27.0,3,3,08:03
2026-08-16,07:37,Las vías,20,20,07:47,18,Llena,10.0,25.0,3,1,08:12
2026-08-16,07:48,Las vías,18,18,08:51,18,Llena,63.0,28.8,3,1,09:19
2026-08-16,07:31,Puente Tuzos,18,18,08:53,18,Llena,82.0,22.1,2,0,09:15
2026-08-16,08:56,Las vías,19,19,09:29,18,Llena,33.0,26.2,3,0,09:55
2026-08-16,09:42,Las vías,18,18,10:27,18,Llena,45.0,26.9,3,3,10:53
2026-08-16,09:07,Puente Tuzos,18,18,10:35,18,Llena,88.0,21.0,2,2,10:56
2026-08-16,10:29,Las vías,18,18,11:00,18,Llena,31.0,27.6,3,2,11:27
2026-08-16,11:01,Las vías,18,18,11:21,18,Llena,20.0,28.4,3,2,11:49
2026-08-16,11:24,Las vías,20,20,11:37,18,Llena,13.0,26.0,3,0,12:03
2026-08-16,11:39,Las vías,18,18,11:54,18,Llena,15.0,26.4,3,2,12:20
2026-08-16,10:40,Puente Tuzos,11,11,12:00,11,Parcial,80.0,21.0,2,2,12:21
2026-08-16,11:55,Las vías,18,18,12:07,18,Llena,12.0,23.3,3,3,12:30
2026-08-16,12:02,Puente Tuzos,3,3,12:17,3,Parcial,15.0,17.4,2,1,12:34
2026-08-16,12:08,Las vías,20,20,12:21,18,Llena,13.0,27.1,3,1,12:48
2026-08-16,12:24,Las vías,18,18,12:36,18,Llena,12.0,22.1,3,2,12:58
2026-08-16,12:24,Puente Tuzos,6,6,12:39,6,Parcial,15.0,21.5,2,2,13:00
2026-08-16,12:39,Las vías,17,17,12:54,17,Parcial,15.0,31.8,3,1,13:25
2026-08-16,12:40,Puente Tuzos,8,8,12:55,8,Parcial,15.0,17.3,2,0,13:12
2026-08-16,12:55,Las vías,12,12,13:10,12,Parcial,15.0,27.2,3,1,13:37
2026-08-16,12:57,Puente Tuzos,2,2,13:12,2,Parcial,15.0,17.5,2,2,13:29
2026-08-16,13:13,Puente Tuzos,2,2,13:28,2,Parcial,15.0,19.4,2,0,13:47
2026-08-16,13:14,Las vías,9,9,13:29,9,Parcial,15.0,28.3,3,0,13:57
2026-08-16,13:30,Las vías,3,3,13:45,3,Parcial,15.0,26.1,3,2,14:11
2026-08-16,13:41,Puente Tuzos,3,3,13:56,3,Parcial,15.0,19.8,2,2,14:15
2026-08-16,13:47,Las vías,4,4,14:02,4,Parcial,15.0,30.5,3,3,14:32
2026-08-16,14:02,Puente Tuzos,4,4,14:17,4,Parcial,15.0,21.3,2,2,14:38
2026-08-16,14:04,Las vías,4,4,14:19,4,Parcial,15.0,30.9,3,1,14:49
2026-08-16,14:23,Las vías,8,8,14:38,8,Parcial,15.0,29.1,3,3,15:07
2026-08-16,14:23,Puente Tuzos,2,2,14:38,2,Parcial,15.0,24.0,2,2,15:02
2026-08-16,14:39,Puente Tuzos,5,5,14:54,5,Parcial,15.0,24.8,2,1,15:18
2026-08-16,14:41,Las vías,8,8,14:56,8,Parcial,15.0,28.4,3,0,15:24
2026-08-16,14:55,Puente Tuzos,9,9,15:10,9,Parcial,15.0,20.9,2,1,15:30
2026-08-16,14:57,Las vías,7,7,15:12,7,Parcial,15.0,25.7,3,2,15:37
2026-08-16,15:15,Las vías,5,5,15:30,5,Parcial,15.0,26.6,3,3,15:56
2026-08-16,15:16,Puente Tuzos,3,3,15:31,3,Parcial,15.0,18.8,2,1,15:49
2026-08-16,15:35,Puente Tuzos,3,3,15:50,3,Parcial,15.0,18.0,2,0,16:08
2026-08-16,15:36,Las vías,5,5,15:51,5,Parcial,15.0,25.6,3,1,16:16
2026-08-16,15:52,Las vías,4,4,16:07,4,Parcial,15.0,26.3,3,2,16:33
2026-08-16,15:54,Puente Tuzos,2,2,16:09,2,Parcial,15.0,18.8,2,0,16:27
2026-08-16,16:11,Las vías,4,4,16:26,4,Parcial,15.0,30.8,3,2,16:56
2026-08-16,16:12,Puente Tuzos,2,2,16:27,2,Parcial,15.0,23.1,2,0,16:50
2026-08-16,16:27,Las vías,7,7,16:42,7,Parcial,15.0,25.3,3,0,17:07
2026-08-16,16:31,Puente Tuzos,3,3,16:46,3,Parcial,15.0,23.6,2,1,17:09
2026-08-16,16:43,Las vías,1,1,16:58,1,Parcial,15.0,28.1,3,1,17:26
2026-08-16,16:54,Puente Tuzos,3,3,17:09,3,Parcial,15.0,16.2,2,2,17:25
2026-08-16,16:59,Las vías,4,4,17:14,4,Parcial,15.0,27.8,3,2,17:41
2026-08-16,17:10,Puente Tuzos,4,4,17:25,4,Parcial,15.0,19.6,2,2,17:44
2026-08-16,17:15,Las vías,5,5,17:30,5,Parcial,15.0,29.2,3,1,17:59
2026-08-16,17:27,Puente Tuzos,4,4,17:42,4,Parcial,15.0,19.0,2,1,18:01
2026-08-16,17:40,Las vías,7,7,17:55,7,Parcial,15.0,26.4,3,3,18:21
2026-08-16,18:00,Las vías,7,7,18:15,7,Parcial,15.0,26.6,3,2,18:41
2026-08-16,18:05,Puente Tuzos,4,4,18:20,4,Parcial,15.0,21.6,2,0,18:41
2026-08-16,18:16,Las vías,4,4,18:31,4,Parcial,15.0,30.1,3,1,19:01
2026-08-16,18:21,Puente Tuzos,5,5,18:36,5,Parcial,15.0,21.4,2,1,18:57
2026-08-16,18:38,Las vías,8,8,18:53,8,Parcial,15.0,26.3,3,2,19:19
2026-08-16,18:38,Puente Tuzos,3,3,18:53,3,Parcial,15.0,20.5,2,0,19:13
2026-08-16,18:54,Las vías,9,9,19:09,9,Parcial,15.0,27.2,3,3,19:36
2026-08-16,18:54,Puente Tuzos,4,4,19:09,4,Parcial,15.0,22.8,2,2,19:31
2026-08-16,19:11,Puente Tuzos,3,3,19:26,3,Parcial,15.0,18.1,2,2,19:44
2026-08-16,19:14,Las vías,5,5,19:29,5,Parcial,15.0,25.2,3,1,19:54
2026-08-16,19:33,Puente Tuzos,1,1,19:48,1,Parcial,15.0,17.0,2,0,20:05
2026-08-16,19:35,Las vías,8,8,19:50,8,Parcial,15.0,25.3,3,3,20:15
2026-08-17,06:00,Las vías,19,19,06:18,18,Llena,18.0,26.9,3,2,06:44
2026-08-17,06:20,Las vías,19,19,06:34,18,Llena,14.0,29.5,3,1,07:03
2026-08-17,06:36,Las vías,18,18,06:51,18,Llena,15.0,26.5,3,3,07:17
2026-08-17,06:00,Puente Tuzos,18,18,06:57,18,Llena,57.0,20.0,2,1,07:17
2026-08-17,06:52,Las vías,18,18,07:09,18,Llena,17.0,26.5,3,0,07:35
2026-08-17,07:10,Las vías,20,20,07:21,18,Llena,11.0,30.3,3,0,07:51
2026-08-17,07:23,Las vías,18,18,07:42,18,Llena,19.0,27.7,3,2,08:09
2026-08-17,07:43,Las vías,18,18,08:06,18,Llena,23.0,31.0,3,2,08:37
2026-08-17,07:00,Puente Tuzos,18,18,08:36,18,Llena,96.0,16.2,2,2,08:52
2026-08-17,08:09,Las vías,18,18,08:56,18,Llena,47.0,28.9,3,0,09:24
2026-08-17,08:57,Las vías,18,18,10:05,18,Llena,68.0,31.6,3,2,10:36
2026-08-17,08:38,Puente Tuzos,18,18,10:38,18,Llena,120.0,22.0,2,0,11:00
2026-08-17,10:09,Las vías,18,18,10:59,18,Llena,50.0,29.4,3,3,11:28
2026-08-17,11:00,Las vías,19,19,11:15,18,Llena,15.0,28.9,3,2,11:43
2026-08-17,11:17,Las vías,18,18,11:26,18,Llena,9.0,30.0,3,3,11:56
2026-08-17,11:28,Las vías,18,18,11:43,18,Llena,15.0,26.3,3,0,12:09
2026-08-17,11:45,Las vías,15,15,12:00,15,Parcial,15.0,22.8,3,3,12:22
2026-08-17,10:45,Puente Tuzos,14,14,12:00,14,Parcial,75.0,20.8,2,0,12:20
2026-08-17,12:01,Las vías,15,15,12:16,15,Parcial,15.0,29.7,3,3,12:45
2026-08-17,12:01,Puente Tuzos,5,5,12:16,5,Parcial,15.0,18.1,2,1,12:34
2026-08-17,12:17,Las vías,16,16,12:32,16,Parcial,15.0,24.1,3,2,12:56
2026-08-17,12:18,Puente Tuzos,1,1,12:33,1,Parcial,15.0,19.4,2,0,12:52
2026-08-17,12:33,Las vías,18,18,12:47,18,Llena,14.0,24.6,3,3,13:11
2026-08-17,12:41,Puente Tuzos,7,7,12:56,7,Parcial,15.0,21.0,2,0,13:17
2026-08-17,12:48,Las vías,17,17,13:03,17,Parcial,15.0,29.9,3,1,13:32
2026-08-17,13:04,Las vías,6,6,13:19,6,Parcial,15.0,25.0,3,3,13:44
2026-08-17,13:08,Puente Tuzos,7,7,13:23,7,Parcial,15.0,19.2,2,2,13:42
2026-08-17,13:22,Las vías,5,5,13:37,5,Parcial,15.0,27.4,3,0,14:04
2026-08-17,13:41,Las vías,6,6,13:56,6,Parcial,15.0,30.3,3,2,14:26
2026-08-17,13:45,Puente Tuzos,8,8,14:00,8,Parcial,15.0,20.6,2,2,14:20
2026-08-17,13:58,Las vías,7,7,14:13,7,Parcial,15.0,32.5,3,2,14:45
2026-08-17,14:09,Puente Tuzos,1,1,14:24,1,Parcial,15.0,16.0,2,1,14:40
2026-08-17,14:16,Las vías,9,9,14:31,9,Parcial,15.0,30.3,3,3,15:01
2026-08-17,14:29,Puente Tuzos,4,4,14:44,4,Parcial,15.0,26.9,2,2,15:10
2026-08-17,14:32,Las vías,5,5,14:47,5,Parcial,15.0,29.4,3,0,15:16
2026-08-17,14:49,Puente Tuzos,3,3,15:04,3,Parcial,15.0,23.1,2,0,15:27
2026-08-17,14:51,Las vías,8,8,15:06,8,Parcial,15.0,25.2,3,2,15:31
2026-08-17,15:05,Puente Tuzos,1,1,15:20,1,Parcial,15.0,25.2,2,1,15:45
2026-08-17,15:08,Las vías,5,5,15:23,5,Parcial,15.0,29.2,3,3,15:52
2026-08-17,15:21,Puente Tuzos,4,4,15:36,4,Parcial,15.0,19.6,2,2,15:55
2026-08-17,15:26,Las vías,3,3,15:41,3,Parcial,15.0,26.8,3,0,16:07
2026-08-17,15:40,Puente Tuzos,4,4,15:55,4,Parcial,15.0,19.7,2,2,16:14
2026-08-17,15:45,Las vías,5,5,16:00,5,Parcial,15.0,26.5,3,2,16:26
2026-08-17,15:56,Puente Tuzos,3,3,16:11,3,Parcial,15.0,17.9,2,2,16:28
2026-08-17,16:04,Las vías,6,6,16:19,6,Parcial,15.0,28.5,3,3,16:47
2026-08-17,16:16,Puente Tuzos,3,3,16:31,3,Parcial,15.0,19.7,2,1,16:50
2026-08-17,16:21,Las vías,6,6,16:36,6,Parcial,15.0,31.1,3,0,17:07
2026-08-17,16:41,Puente Tuzos,2,2,16:56,2,Parcial,15.0,19.7,2,0,17:15
2026-08-17,16:42,Las vías,7,7,16:57,7,Parcial,15.0,26.8,3,0,17:23
2026-08-17,16:57,Puente Tuzos,3,3,17:12,3,Parcial,15.0,19.5,2,0,17:31
2026-08-17,17:00,Las vías,4,4,17:15,4,Parcial,15.0,27.4,3,3,17:42
2026-08-17,17:17,Puente Tuzos,2,2,17:32,2,Parcial,15.0,21.2,2,2,17:53
2026-08-17,17:19,Las vías,9,9,17:34,9,Parcial,15.0,29.5,3,3,18:03
2026-08-17,17:35,Las vías,6,6,17:50,6,Parcial,15.0,28.3,3,1,18:18
2026-08-17,17:35,Puente Tuzos,5,5,17:50,5,Parcial,15.0,19.6,2,1,18:09
2026-08-17,17:55,Puente Tuzos,6,6,18:10,6,Parcial,15.0,12.5,2,0,18:22
2026-08-17,17:58,Las vías,5,5,18:13,5,Parcial,15.0,30.1,3,0,18:43
2026-08-17,18:14,Puente Tuzos,5,5,18:29,5,Parcial,15.0,26.2,2,1,18:55
2026-08-17,18:17,Las vías,7,7,18:32,7,Parcial,15.0,25.8,3,2,18:57
2026-08-17,18:35,Las vías,1,1,18:50,1,Parcial,15.0,28.8,3,3,19:18
2026-08-17,18:49,Puente Tuzos,3,3,19:04,3,Parcial,15.0,19.7,2,0,19:23
2026-08-17,18:55,Las vías,9,9,19:10,9,Parcial,15.0,27.3,3,1,19:37
2026-08-17,19:06,Puente Tuzos,2,2,19:21,2,Parcial,15.0,22.2,2,1,19:43
2026-08-17,19:13,Las vías,10,10,19:28,10,Parcial,15.0,27.3,3,1,19:55
2026-08-17,19:22,Puente Tuzos,2,2,19:37,2,Parcial,15.0,21.8,2,1,19:58
2026-08-17,19:32,Las vías,3,3,19:47,3,Parcial,15.0,28.2,3,2,20:15
2026-08-17,19:42,Puente Tuzos,1,1,19:57,1,Parcial,15.0,19.8,2,0,20:16
2026-08-18,06:00,Las vías,18,18,06:10,18,Llena,10.0,23.6,3,3,06:33
2026-08-18,06:13,Las vías,18,18,06:25,18,Llena,12.0,26.4,3,3,06:51
2026-08-18,06:28,Las vías,20,20,06:42,18,Llena,14.0,27.2,3,2,07:09
2026-08-18,06:43,Las vías,20,20,06:56,18,Llena,13.0,26.4,3,1,07:22
2026-08-18,06:03,Puente Tuzos,18,18,07:05,18,Llena,62.0,21.4,2,2,07:26
2026-08-18,06:57,Las vías,18,18,07:16,18,Llena,19.0,24.1,3,2,07:40
2026-08-18,07:19,Las vías,18,18,07:35,18,Llena,16.0,27.4,3,0,08:02
2026-08-18,07:37,Las vías,19,19,07:47,18,Llena,10.0,31.3,3,0,08:18
2026-08-18,07:50,Las vías,18,18,08:08,18,Llena,18.0,25.5,3,0,08:33
2026-08-18,07:07,Puente Tuzos,18,18,08:41,18,Llena,94.0,26.6,2,0,09:07
2026-08-18,08:11,Las vías,18,18,09:13,18,Llena,62.0,27.2,3,2,09:40
2026-08-18,09:17,Las vías,18,18,09:58,18,Llena,41.0,31.3,3,0,10:29
2026-08-18,09:59,Las vías,18,18,10:57,18,Llena,58.0,33.4,3,0,11:30
2026-08-18,08:52,Puente Tuzos,18,18,11:02,18,Llena,130.0,21.3,2,1,11:23
2026-08-18,10:58,Las vías,18,18,11:10,18,Llena,12.0,25.8,3,2,11:35
2026-08-18,11:11,Las vías,18,18,11:24,18,Llena,13.0,27.2,3,3,11:51
2026-08-18,11:25,Las vías,18,18,11:38,18,Llena,13.0,26.0,3,0,12:04
2026-08-18,11:39,Las vías,18,18,11:54,18,Llena,15.0,30.3,3,1,12:24
2026-08-18,11:03,Puente Tuzos,15,15,12:00,15,Parcial,57.0,22.2,2,0,12:22
2026-08-18,11:57,Las vías,18,18,12:12,18,Llena,15.0,28.8,3,0,12:40
2026-08-18,12:02,Puente Tuzos,4,4,12:17,4,Parcial,15.0,19.7,2,0,12:36
2026-08-18,12:13,Las vías,18,18,12:23,18,Llena,10.0,29.3,3,2,12:52
2026-08-18,12:21,Puente Tuzos,5,5,12:36,5,Parcial,15.0,23.6,2,1,12:59
2026-08-18,12:24,Las vías,12,12,12:39,12,Parcial,15.0,26.8,3,1,13:05
2026-08-18,12:37,Puente Tuzos,4,4,12:52,4,Parcial,15.0,18.6,2,2,13:10
2026-08-18,12:41,Las vías,18,18,12:53,18,Llena,12.0,29.7,3,1,13:22
2026-08-18,12:54,Las vías,4,4,13:09,4,Parcial,15.0,29.8,3,1,13:38
2026-08-18,12:56,Puente Tuzos,4,4,13:11,4,Parcial,15.0,21.7,2,1,13:32
2026-08-18,13:10,Las vías,3,3,13:25,3,Parcial,15.0,27.1,3,2,13:52
2026-08-18,13:14,Puente Tuzos,2,2,13:29,2,Parcial,15.0,22.9,2,2,13:51
2026-08-18,13:31,Las vías,6,6,13:46,6,Parcial,15.0,23.8,3,3,14:09
2026-08-18,13:31,Puente Tuzos,1,1,13:46,1,Parcial,15.0,20.9,2,1,14:06
2026-08-18,13:47,Las vías,3,3,14:02,3,Parcial,15.0,26.0,3,1,14:28
2026-08-18,13:49,Puente Tuzos,2,2,14:04,2,Parcial,15.0,19.1,2,2,14:23
2026-08-18,14:03,Las vías,3,3,14:18,3,Parcial,15.0,25.1,3,3,14:43
2026-08-18,14:10,Puente Tuzos,2,2,14:25,2,Parcial,15.0,20.4,2,1,14:45
2026-08-18,14:24,Las vías,10,10,14:39,10,Parcial,15.0,27.6,3,1,15:06
2026-08-18,14:28,Puente Tuzos,5,5,14:43,5,Parcial,15.0,16.1,2,2,14:59
2026-08-18,14:47,Las vías,5,5,15:02,5,Parcial,15.0,31.3,3,0,15:33
2026-08-18,14:51,Puente Tuzos,4,4,15:06,4,Parcial,15.0,20.0,2,0,15:26
2026-08-18,15:10,Las vías,2,2,15:25,2,Parcial,15.0,27.5,3,3,15:52
2026-08-18,15:13,Puente Tuzos,6,6,15:28,6,Parcial,15.0,18.0,2,0,15:46
2026-08-18,15:26,Las vías,9,9,15:41,9,Parcial,15.0,27.8,3,3,16:08
2026-08-18,15:30,Puente Tuzos,5,5,15:45,5,Parcial,15.0,22.5,2,2,16:07
2026-08-18,15:43,Las vías,7,7,15:58,7,Parcial,15.0,30.1,3,1,16:28
2026-08-18,15:52,Puente Tuzos,4,4,16:07,4,Parcial,15.0,23.2,2,0,16:30
2026-08-18,16:00,Las vías,6,6,16:15,6,Parcial,15.0,29.0,3,1,16:44
2026-08-18,16:10,Puente Tuzos,6,6,16:25,6,Parcial,15.0,22.9,2,2,16:47
2026-08-18,16:21,Las vías,4,4,16:36,4,Parcial,15.0,31.0,3,1,17:07
2026-08-18,16:27,Puente Tuzos,2,2,16:42,2,Parcial,15.0,23.1,2,1,17:05
2026-08-18,16:40,Las vías,8,8,16:55,8,Parcial,15.0,24.2,3,1,17:19
2026-08-18,16:43,Puente Tuzos,6,6,16:58,6,Parcial,15.0,21.4,2,2,17:19
2026-08-18,16:58,Las vías,9,9,17:13,9,Parcial,15.0,25.6,3,3,17:38
2026-08-18,17:14,Las vías,4,4,17:29,4,Parcial,15.0,27.8,3,1,17:56
2026-08-18,17:15,Puente Tuzos,1,1,17:30,1,Parcial,15.0,21.2,2,1,17:51
2026-08-18,17:32,Las vías,7,7,17:47,7,Parcial,15.0,30.8,3,3,18:17
2026-08-18,17:36,Puente Tuzos,3,3,17:51,3,Parcial,15.0,25.3,2,1,18:16
2026-08-18,17:48,Las vías,10,10,18:03,10,Parcial,15.0,28.2,3,3,18:31
2026-08-18,17:55,Puente Tuzos,4,4,18:10,4,Parcial,15.0,23.0,2,1,18:33
2026-08-18,18:04,Las vías,6,6,18:19,6,Parcial,15.0,27.7,3,0,18:46
2026-08-18,18:20,Las vías,6,6,18:35,6,Parcial,15.0,28.5,3,3,19:03
2026-08-18,18:22,Puente Tuzos,1,1,18:37,1,Parcial,15.0,21.8,2,2,18:58
2026-08-18,18:39,Las vías,6,6,18:54,6,Parcial,15.0,29.5,3,2,19:23
2026-08-18,18:43,Puente Tuzos,2,2,18:58,2,Parcial,15.0,21.4,2,2,19:19
2026-08-18,18:56,Las vías,9,9,19:11,9,Parcial,15.0,26.8,3,0,19:37
2026-08-18,19:14,Las vías,11,11,19:29,11,Parcial,15.0,27.6,3,2,19:56
2026-08-18,19:14,Puente Tuzos,2,2,19:29,2,Parcial,15.0,18.7,2,2,19:47
2026-08-18,19:32,Las vías,12,12,19:47,12,Parcial,15.0,30.9,3,1,20:17
2026-08-18,19:33,Puente Tuzos,2,2,19:48,2,Parcial,15.0,21.6,2,1,20:09
2026-08-19,06:02,Las vías,18,18,06:19,18,Llena,17.0,30.5,3,0,06:49
2026-08-19,06:20,Las vías,20,20,06:30,18,Llena,10.0,29.0,3,0,06:59
2026-08-19,06:31,Las vías,18,18,06:46,18,Llena,15.0,30.4,3,3,07:16
2026-08-19,06:47,Las vías,18,18,07:02,18,Llena,15.0,27.6,3,1,07:29
2026-08-19,07:03,Las vías,19,19,07:20,18,Llena,17.0,25.8,3,1,07:45
2026-08-19,07:22,Las vías,18,18,07:39,18,Llena,17.0,33.5,3,3,08:12
2026-08-19,06:13,Puente Tuzos,19,19,07:45,18,Llena,92.0,20.7,2,1,08:05
2026-08-19,07:40,Las vías,18,18,07:56,18,Llena,16.0,31.8,3,0,08:27
2026-08-19,07:57,Las vías,18,18,08:19,18,Llena,22.0,29.8,3,0,08:48
2026-08-19,07:49,Puente Tuzos,18,18,09:11,18,Llena,82.0,19.2,2,1,09:30
2026-08-19,08:21,Las vías,18,18,09:29,18,Llena,68.0,26.4,3,1,09:55
2026-08-19,09:32,Las vías,19,19,10:09,18,Llena,37.0,26.8,3,0,10:35
2026-08-19,10:17,Las vías,18,18,11:02,18,Llena,45.0,28.8,3,1,11:30
2026-08-19,11:04,Las vías,18,18,11:18,18,Llena,14.0,26.3,3,0,11:44
2026-08-19,11:19,Las vías,18,18,11:34,18,Llena,15.0,26.8,3,0,12:00
2026-08-19,09:54,Puente Tuzos,18,18,11:34,18,Llena,100.0,15.2,2,0,11:49
2026-08-19,11:38,Las vías,19,19,11:46,18,Llena,8.0,27.1,3,3,12:13
2026-08-19,11:38,Puente Tuzos,5,5,12:00,5,Parcial,22.0,20.1,2,2,12:20
2026-08-19,11:47,Las vías,17,17,12:02,17,Parcial,15.0,22.2,3,1,12:24
2026-08-19,12:03,Las vías,18,18,12:16,18,Llena,13.0,29.1,3,3,12:45
2026-08-19,12:02,Puente Tuzos,5,5,12:17,5,Parcial,15.0,16.3,2,0,12:33
2026-08-19,12:17,Las vías,18,18,12:30,18,Llena,13.0,29.9,3,1,12:59
2026-08-19,12:30,Puente Tuzos,3,3,12:45,3,Parcial,15.0,23.7,2,0,13:08
2026-08-19,12:31,Las vías,15,15,12:46,15,Parcial,15.0,25.7,3,0,13:11
2026-08-19,12:47,Las vías,19,19,12:59,18,Llena,12.0,27.3,3,2,13:26
2026-08-19,12:47,Puente Tuzos,7,7,13:02,7,Parcial,15.0,21.4,2,2,13:23
2026-08-19,13:00,Las vías,5,5,13:15,5,Parcial,15.0,26.7,3,3,13:41
2026-08-19,13:05,Puente Tuzos,2,2,13:20,2,Parcial,15.0,21.4,2,2,13:41
2026-08-19,13:16,Las vías,7,7,13:31,7,Parcial,15.0,18.5,3,2,13:49
2026-08-19,13:34,Puente Tuzos,3,3,13:49,3,Parcial,15.0,21.7,2,0,14:10
2026-08-19,13:38,Las vías,6,6,13:53,6,Parcial,15.0,26.3,3,0,14:19
2026-08-19,13:54,Las vías,7,7,14:09,7,Parcial,15.0,28.1,3,0,14:37
2026-08-19,14:11,Las vías,7,7,14:26,7,Parcial,15.0,25.2,3,3,14:51
2026-08-19,14:16,Puente Tuzos,4,4,14:31,4,Parcial,15.0,20.9,2,0,14:51
2026-08-19,14:27,Las vías,5,5,14:42,5,Parcial,15.0,26.7,3,0,15:08
2026-08-19,14:37,Puente Tuzos,5,5,14:52,5,Parcial,15.0,23.4,2,2,15:15
2026-08-19,14:43,Las vías,6,6,14:58,6,Parcial,15.0,27.2,3,2,15:25
2026-08-19,15:00,Puente Tuzos,3,3,15:15,3,Parcial,15.0,22.6,2,0,15:37
2026-08-19,15:01,Las vías,5,5,15:16,5,Parcial,15.0,29.1,3,1,15:45
2026-08-19,15:17,Las vías,6,6,15:32,6,Parcial,15.0,25.9,3,1,15:57
2026-08-19,15:23,Puente Tuzos,1,1,15:38,1,Parcial,15.0,20.1,2,2,15:58
2026-08-19,15:33,Las vías,2,2,15:48,2,Parcial,15.0,30.6,3,2,16:18
2026-08-19,15:44,Puente Tuzos,3,3,15:59,3,Parcial,15.0,23.7,2,1,16:22
2026-08-19,15:53,Las vías,1,1,16:08,1,Parcial,15.0,27.0,3,1,16:35
2026-08-19,16:10,Las vías,11,11,16:25,11,Parcial,15.0,24.1,3,0,16:49
2026-08-19,16:13,Puente Tuzos,1,1,16:28,1,Parcial,15.0,22.7,2,2,16:50
2026-08-19,16:29,Las vías,5,5,16:44,5,Parcial,15.0,27.2,3,0,17:11
2026-08-19,16:39,Puente Tuzos,5,5,16:54,5,Parcial,15.0,24.2,2,0,17:18
2026-08-19,16:46,Las vías,7,7,17:01,7,Parcial,15.0,26.8,3,3,17:27
2026-08-19,17:02,Las vías,7,7,17:17,7,Parcial,15.0,25.9,3,0,17:42
2026-08-19,17:27,Las vías,5,5,17:42,5,Parcial,15.0,29.3,3,2,18:11
2026-08-19,17:32,Puente Tuzos,1,1,17:47,1,Parcial,15.0,18.6,2,2,18:05
2026-08-19,17:48,Las vías,7,7,18:03,7,Parcial,15.0,27.8,3,1,18:30
2026-08-19,17:48,Puente Tuzos,4,4,18:03,4,Parcial,15.0,22.1,2,2,18:25
2026-08-19,18:04,Las vías,4,4,18:19,4,Parcial,15.0,31.7,3,2,18:50
2026-08-19,18:16,Puente Tuzos,4,4,18:31,4,Parcial,15.0,23.0,2,1,18:54
2026-08-19,18:21,Las vías,4,4,18:36,4,Parcial,15.0,27.7,3,3,19:03
2026-08-19,18:41,Las vías,9,9,18:56,9,Parcial,15.0,29.5,3,1,19:25
2026-08-19,18:45,Puente Tuzos,4,4,19:00,4,Parcial,15.0,18.8,2,2,19:18
2026-08-19,19:00,Las vías,4,4,19:15,4,Parcial,15.0,29.0,3,1,19:44
2026-08-19,19:04,Puente Tuzos,1,1,19:19,1,Parcial,15.0,20.5,2,1,19:39
2026-08-19,19:17,Las vías,7,7,19:32,7,Parcial,15.0,25.3,3,1,19:57
2026-08-19,19:26,Puente Tuzos,3,3,19:41,3,Parcial,15.0,19.7,2,1,20:00
2026-08-19,19:34,Las vías,5,5,19:49,5,Parcial,15.0,27.9,3,1,20:16
2026-08-20,06:00,Las vías,19,19,06:11,18,Llena,11.0,30.2,3,0,06:41
2026-08-20,06:12,Las vías,18,18,06:27,18,Llena,15.0,28.7,3,1,06:55
2026-08-20,06:28,Las vías,18,18,06:42,18,Llena,14.0,29.0,3,0,07:11
2026-08-20,06:03,Puente Tuzos,18,18,06:58,18,Llena,55.0,18.9,2,0,07:16
2026-08-20,06:43,Las vías,19,19,07:00,18,Llena,17.0,27.6,3,3,07:27
2026-08-20,07:01,Las vías,18,18,07:15,18,Llena,14.0,31.1,3,0,07:46
2026-08-20,07:16,Las vías,19,19,07:30,18,Llena,14.0,26.0,3,1,07:56
2026-08-20,07:31,Las vías,18,18,07:47,18,Llena,16.0,27.2,3,0,08:14
2026-08-20,07:01,Puente Tuzos,18,18,08:04,18,Llena,63.0,22.3,2,2,08:26
2026-08-20,07:48,Las vías,18,18,08:16,18,Llena,28.0,24.2,3,3,08:40
2026-08-20,08:19,Las vías,18,18,09:12,18,Llena,53.0,22.9,3,0,09:34
2026-08-20,08:10,Puente Tuzos,18,18,09:42,18,Llena,92.0,20.4,2,0,10:02
2026-08-20,09:17,Las vías,18,18,10:05,18,Llena,48.0,27.7,3,3,10:32
2026-08-20,10:12,Las vías,18,18,11:05,18,Llena,53.0,26.7,3,0,11:31
2026-08-20,11:06,Las vías,18,18,11:17,18,Llena,11.0,25.8,3,3,11:42
2026-08-20,11:18,Las vías,19,19,11:34,18,Llena,16.0,29.5,3,3,12:03
2026-08-20,09:56,Puente Tuzos,18,18,11:44,18,Llena,108.0,25.0,2,2,12:09
2026-08-20,11:39,Las vías,18,18,11:57,18,Llena,18.0,25.4,3,2,12:22
2026-08-20,11:47,Puente Tuzos,3,3,12:02,3,Parcial,15.0,18.9,2,2,12:20
2026-08-20,11:59,Las vías,20,20,12:09,18,Llena,10.0,23.7,3,2,12:32
2026-08-20,12:10,Las vías,16,16,12:25,16,Parcial,15.0,25.9,3,1,12:50
2026-08-20,12:14,Puente Tuzos,3,3,12:29,3,Parcial,15.0,19.7,2,1,12:48
2026-08-20,12:26,Las vías,18,18,12:39,18,Llena,13.0,25.1,3,3,13:04
2026-08-20,12:40,Las vías,18,18,12:49,18,Llena,9.0,30.2,3,3,13:19
2026-08-20,12:37,Puente Tuzos,4,4,12:52,4,Parcial,15.0,15.1,2,0,13:07
2026-08-20,12:50,Las vías,16,16,13:05,16,Parcial,15.0,27.0,3,2,13:32
2026-08-20,13:02,Puente Tuzos,6,6,13:17,6,Parcial,15.0,18.8,2,1,13:35
2026-08-20,13:07,Las vías,5,5,13:22,5,Parcial,15.0,25.4,3,3,13:47
2026-08-20,13:20,Puente Tuzos,4,4,13:35,4,Parcial,15.0,20.3,2,1,13:55
2026-08-20,13:25,Las vías,9,9,13:40,9,Parcial,15.0,27.0,3,3,14:07
2026-08-20,13:36,Puente Tuzos,4,4,13:51,4,Parcial,15.0,20.1,2,2,14:11
2026-08-20,13:47,Las vías,4,4,14:02,4,Parcial,15.0,26.3,3,0,14:28
2026-08-20,14:04,Las vías,7,7,14:19,7,Parcial,15.0,26.9,3,3,14:45
2026-08-20,14:15,Puente Tuzos,6,6,14:30,6,Parcial,15.0,24.6,2,0,14:54
2026-08-20,14:25,Las vías,4,4,14:40,4,Parcial,15.0,31.7,3,3,15:11
2026-08-20,14:34,Puente Tuzos,4,4,14:49,4,Parcial,15.0,20.6,2,0,15:09
2026-08-20,14:48,Las vías,10,10,15:03,10,Parcial,15.0,26.4,3,1,15:29
2026-08-20,14:53,Puente Tuzos,7,7,15:08,7,Parcial,15.0,18.6,2,0,15:26
2026-08-20,15:06,Las vías,5,5,15:21,5,Parcial,15.0,29.7,3,2,15:50
2026-08-20,15:24,Las vías,11,11,15:39,11,Parcial,15.0,29.0,3,2,16:08
2026-08-20,15:32,Puente Tuzos,1,1,15:47,1,Parcial,15.0,23.3,2,2,16:10
2026-08-20,15:41,Las vías,5,5,15:56,5,Parcial,15.0,30.8,3,3,16:26
2026-08-20,15:49,Puente Tuzos,1,1,16:04,1,Parcial,15.0,19.8,2,2,16:23
2026-08-20,15:59,Las vías,5,5,16:14,5,Parcial,15.0,26.6,3,2,16:40
2026-08-20,16:06,Puente Tuzos,5,5,16:21,5,Parcial,15.0,22.4,2,1,16:43
2026-08-20,16:20,Las vías,9,9,16:35,9,Parcial,15.0,27.5,3,0,17:02
2026-08-20,16:31,Puente Tuzos,4,4,16:46,4,Parcial,15.0,18.5,2,1,17:04
2026-08-20,16:38,Las vías,8,8,16:53,8,Parcial,15.0,28.0,3,0,17:21
2026-08-20,16:55,Puente Tuzos,3,3,17:10,3,Parcial,15.0,23.6,2,2,17:33
2026-08-20,16:58,Las vías,4,4,17:13,4,Parcial,15.0,22.6,3,0,17:35
2026-08-20,17:12,Puente Tuzos,2,2,17:27,2,Parcial,15.0,20.1,2,2,17:47
2026-08-20,17:14,Las vías,7,7,17:29,7,Parcial,15.0,27.3,3,1,17:56
2026-08-20,17:34,Las vías,5,5,17:49,5,Parcial,15.0,30.2,3,3,18:19
2026-08-20,17:35,Puente Tuzos,2,2,17:50,2,Parcial,15.0,23.1,2,0,18:13
2026-08-20,17:53,Las vías,6,6,18:08,6,Parcial,15.0,28.4,3,3,18:36
2026-08-20,17:54,Puente Tuzos,3,3,18:09,3,Parcial,15.0,21.1,2,0,18:30
2026-08-20,18:10,Las vías,13,13,18:25,13,Parcial,15.0,27.1,3,2,18:52
2026-08-20,18:20,Puente Tuzos,7,7,18:35,7,Parcial,15.0,19.4,2,1,18:54
2026-08-20,18:32,Las vías,8,8,18:47,8,Parcial,15.0,26.0,3,0,19:13
2026-08-20,18:47,Puente Tuzos,2,2,19:02,2,Parcial,15.0,20.4,2,1,19:22
2026-08-20,18:51,Las vías,4,4,19:06,4,Parcial,15.0,27.9,3,2,19:33
2026-08-20,19:05,Puente Tuzos,2,2,19:20,2,Parcial,15.0,19.1,2,0,19:39
2026-08-20,19:07,Las vías,4,4,19:22,4,Parcial,15.0,28.9,3,1,19:50
2026-08-20,19:25,Las vías,9,9,19:40,9,Parcial,15.0,30.2,3,3,20:10
2026-08-20,19:40,Puente Tuzos,7,7,19:55,7,Parcial,15.0,16.3,2,2,20:11
2026-08-21,06:01,Las vías,19,19,06:22,18,Llena,21.0,27.9,3,3,06:49
2026-08-21,06:23,Las vías,18,18,06:35,18,Llena,12.0,31.3,3,2,07:06
2026-08-21,06:01,Puente Tuzos,18,18,06:53,18,Llena,52.0,21.3,2,0,07:14
2026-08-21,06:38,Las vías,18,18,06:59,18,Llena,21.0,25.8,3,1,07:24
2026-08-21,07:03,Las vías,18,18,07:17,18,Llena,14.0,34.8,3,0,07:51
2026-08-21,07:18,Las vías,18,18,07:31,18,Llena,13.0,26.2,3,2,07:57
2026-08-21,07:32,Las vías,20,20,07:41,18,Llena,9.0,34.1,3,3,08:15
2026-08-21,06:59,Puente Tuzos,18,18,07:53,18,Llena,54.0,21.7,2,1,08:14
2026-08-21,07:42,Las vías,19,19,08:02,18,Llena,20.0,31.6,3,3,08:33
2026-08-21,08:05,Las vías,18,18,09:11,18,Llena,66.0,30.6,3,0,09:41
2026-08-21,07:58,Puente Tuzos,18,18,09:38,18,Llena,100.0,21.2,2,1,09:59
2026-08-21,09:13,Las vías,18,18,10:06,18,Llena,53.0,30.2,3,1,10:36
2026-08-21,10:09,Las vías,19,19,10:52,18,Llena,43.0,28.6,3,2,11:20
2026-08-21,09:44,Puente Tuzos,18,18,10:59,18,Llena,75.0,21.4,2,2,11:20
2026-08-21,10:53,Las vías,19,19,11:07,18,Llena,14.0,22.6,3,1,11:29
2026-08-21,11:10,Las vías,18,18,11:23,18,Llena,13.0,30.0,3,1,11:53
2026-08-21,11:24,Las vías,19,19,11:41,18,Llena,17.0,23.5,3,2,12:04
2026-08-21,11:00,Puente Tuzos,18,18,11:53,18,Llena,53.0,19.7,2,1,12:12
2026-08-21,11:42,Las vías,19,19,11:54,18,Llena,12.0,28.1,3,2,12:22
2026-08-21,11:56,Las vías,18,18,12:08,18,Llena,12.0,29.5,3,2,12:37
2026-08-21,11:58,Puente Tuzos,3,3,12:13,3,Parcial,15.0,18.6,2,1,12:31
2026-08-21,12:09,Las vías,19,19,12:19,18,Llena,10.0,30.7,3,3,12:49
2026-08-21,12:16,Puente Tuzos,6,6,12:31,6,Parcial,15.0,16.1,2,2,12:47
2026-08-21,12:20,Las vías,19,19,12:33,18,Llena,13.0,29.9,3,1,13:02
2026-08-21,12:34,Las vías,20,20,12:46,18,Llena,12.0,33.8,3,0,13:19
2026-08-21,12:33,Puente Tuzos,3,3,12:48,3,Parcial,15.0,18.9,2,0,13:06
2026-08-21,12:47,Las vías,16,16,13:02,16,Parcial,15.0,31.2,3,0,13:33
2026-08-21,12:50,Puente Tuzos,1,1,13:05,1,Parcial,15.0,19.4,2,0,13:24
2026-08-21,13:03,Las vías,4,4,13:18,4,Parcial,15.0,28.1,3,0,13:46
2026-08-21,13:06,Puente Tuzos,2,2,13:21,2,Parcial,15.0,15.3,2,1,13:36
2026-08-21,13:23,Las vías,8,8,13:38,8,Parcial,15.0,33.1,3,0,14:11
2026-08-21,13:45,Las vías,2,2,14:00,2,Parcial,15.0,24.9,3,3,14:24
2026-08-21,13:58,Puente Tuzos,6,6,14:13,6,Parcial,15.0,20.1,2,0,14:33
2026-08-21,14:02,Las vías,4,4,14:17,4,Parcial,15.0,25.4,3,2,14:42
2026-08-21,14:16,Puente Tuzos,4,4,14:31,4,Parcial,15.0,19.4,2,1,14:50
2026-08-21,14:18,Las vías,8,8,14:33,8,Parcial,15.0,25.0,3,3,14:58
2026-08-21,14:34,Puente Tuzos,3,3,14:49,3,Parcial,15.0,20.7,2,2,15:09
2026-08-21,14:38,Las vías,9,9,14:53,9,Parcial,15.0,31.6,3,1,15:24
2026-08-21,14:52,Puente Tuzos,4,4,15:07,4,Parcial,15.0,14.0,2,0,15:21
2026-08-21,14:55,Las vías,6,6,15:10,6,Parcial,15.0,34.3,3,0,15:44
2026-08-21,15:11,Puente Tuzos,2,2,15:26,2,Parcial,15.0,18.0,2,1,15:44
2026-08-21,15:16,Las vías,6,6,15:31,6,Parcial,15.0,30.6,3,2,16:01
2026-08-21,15:29,Puente Tuzos,1,1,15:44,1,Parcial,15.0,19.4,2,0,16:03
2026-08-21,15:33,Las vías,9,9,15:48,9,Parcial,15.0,28.4,3,0,16:16
2026-08-21,15:53,Las vías,10,10,16:08,10,Parcial,15.0,24.4,3,2,16:32
2026-08-21,15:54,Puente Tuzos,2,2,16:09,2,Parcial,15.0,23.4,2,0,16:32
2026-08-21,16:11,Las vías,3,3,16:26,3,Parcial,15.0,32.0,3,1,16:58
2026-08-21,16:11,Puente Tuzos,5,5,16:26,5,Parcial,15.0,19.1,2,2,16:45
2026-08-21,16:27,Las vías,1,1,16:42,1,Parcial,15.0,26.1,3,2,17:08
2026-08-21,16:38,Puente Tuzos,4,4,16:53,4,Parcial,15.0,21.7,2,1,17:14
2026-08-21,16:53,Las vías,4,4,17:08,4,Parcial,15.0,24.1,3,1,17:32
2026-08-21,17:00,Puente Tuzos,3,3,17:15,3,Parcial,15.0,17.5,2,2,17:32
2026-08-21,17:09,Las vías,12,12,17:24,12,Parcial,15.0,29.3,3,3,17:53
2026-08-21,17:17,Puente Tuzos,3,3,17:32,3,Parcial,15.0,17.8,2,1,17:49
2026-08-21,17:31,Las vías,6,6,17:46,6,Parcial,15.0,29.6,3,0,18:15
2026-08-21,17:44,Puente Tuzos,1,1,17:59,1,Parcial,15.0,19.5,2,0,18:18
2026-08-21,17:53,Las vías,4,4,18:08,4,Parcial,15.0,26.7,3,0,18:34
2026-08-21,18:00,Puente Tuzos,2,2,18:15,2,Parcial,15.0,17.3,2,0,18:32
2026-08-21,18:14,Las vías,6,6,18:29,6,Parcial,15.0,26.5,3,0,18:55
2026-08-21,18:20,Puente Tuzos,2,2,18:35,2,Parcial,15.0,19.4,2,2,18:54
2026-08-21,18:38,Puente Tuzos,3,3,18:53,3,Parcial,15.0,21.7,2,1,19:14
2026-08-21,18:39,Las vías,7,7,18:54,7,Parcial,15.0,25.2,3,2,19:19
2026-08-21,18:56,Puente Tuzos,2,2,19:11,2,Parcial,15.0,18.2,2,0,19:29
2026-08-21,18:57,Las vías,8,8,19:12,8,Parcial,15.0,28.9,3,2,19:40
2026-08-21,19:12,Puente Tuzos,2,2,19:27,2,Parcial,15.0,20.7,2,2,19:47
2026-08-21,19:14,Las vías,4,4,19:29,4,Parcial,15.0,25.9,3,1,19:54
2026-08-21,19:31,Puente Tuzos,5,5,19:46,5,Parcial,15.0,21.8,2,0,20:07
2026-08-21,19:33,Las vías,5,5,19:48,5,Parcial,15.0,26.5,3,0,20:14
